Origin,Dest,IsDelayed
ABE,ATL,380
ABE,BWI,1
ABE,CLE,150
ABE,CLT,52
ABE,CVG,141
ABE,DTW,245
ABE,JFK,3
ABE,LGA,3
ABE,ORD,406
ABI,DFW,573
ABQ,AMA,269
ABQ,ATL,191
ABQ,AUS,43
ABQ,BWI,44
ABQ,CLE,3
ABQ,CVG,108
ABQ,DAL,882
ABQ,DEN,766
ABQ,DFW,614
ABQ,ELP,244
ABQ,EWR,76
ABQ,GJT,0
ABQ,HOU,270
ABQ,IAD,99
ABQ,IAH,460
ABQ,LAS,625
ABQ,LAX,605
ABQ,LBB,137
ABQ,MAF,149
ABQ,MCI,195
ABQ,MCO,205
ABQ,MDW,122
ABQ,MSP,168
ABQ,OAK,282
ABQ,OKC,90
ABQ,ONT,65
ABQ,ORD,182
ABQ,PDX,116
ABQ,PHX,1368
ABQ,SAN,223
ABQ,SAT,46
ABQ,SEA,127
ABQ,SFO,265
ABQ,SLC,516
ABQ,SMF,79
ABQ,STL,128
ABQ,TPA,98
ABQ,TUL,67
ABQ,TUS,165
ABY,ATL,366
ACK,EWR,88
ACK,JFK,72
ACT,DFW,455
ACV,CEC,136
ACV,SFO,910
ACV,SMF,205
ACY,ATL,223
ACY,BOS,2
ACY,BWI,0
ACY,JFK,1
ACY,LGA,11
ACY,MCO,16
ACY,MYR,1
ADK,AKN,17
ADK,ANC,9
ADQ,ANC,237
AEX,ATL,376
AEX,DFW,267
AEX,IAH,159
AGS,ATL,778
AGS,CLT,8
AGS,LGA,3
AKN,ADK,21
AKN,ANC,80
AKN,DLG,17
ALB,ATL,486
ALB,BWI,751
ALB,CLE,413
ALB,CLT,275
ALB,CVG,214
ALB,DCA,93
ALB,DTW,310
ALB,EWR,516
ALB,JFK,27
ALB,LAS,41
ALB,LGA,2
ALB,MCO,204
ALB,MDW,168
ALB,MSP,111
ALB,ORD,652
ALB,PHL,78
ALB,TPA,64
ALO,MSP,50
AMA,ABQ,143
AMA,DAL,633
AMA,DEN,40
AMA,DFW,802
AMA,IAH,149
AMA,LAS,100
ANC,ADK,18
ANC,ADQ,151
ANC,AKN,72
ANC,ATL,72
ANC,BET,267
ANC,CDV,124
ANC,CVG,31
ANC,DEN,133
ANC,DFW,61
ANC,DLG,38
ANC,DTW,8
ANC,FAI,953
ANC,HNL,2
ANC,IAH,127
ANC,JNU,420
ANC,KOA,5
ANC,LAS,128
ANC,LAX,127
ANC,MSP,212
ANC,OGG,31
ANC,OME,93
ANC,ORD,180
ANC,OTZ,237
ANC,PDX,192
ANC,PHX,129
ANC,SCC,135
ANC,SEA,2053
ANC,SFO,74
ANC,SLC,104
APF,ATL,196
ASE,DEN,920
ASE,LAX,111
ASE,ORD,137
ASE,PHX,52
ASE,SFO,50
ASE,SLC,234
ATL,ABE,457
ATL,ABQ,402
ATL,ABY,482
ATL,ACY,272
ATL,AEX,511
ATL,AGS,1066
ATL,ALB,718
ATL,ANC,65
ATL,APF,218
ATL,ATW,428
ATL,AUS,620
ATL,AVL,728
ATL,AVP,378
ATL,AZO,97
ATL,BDL,559
ATL,BGM,72
ATL,BGR,253
ATL,BHM,803
ATL,BMI,545
ATL,BNA,798
ATL,BOI,73
ATL,BOS,1664
ATL,BQK,406
ATL,BQN,2
ATL,BTR,1147
ATL,BTV,277
ATL,BUF,1141
ATL,BWI,1787
ATL,BZN,20
ATL,CAE,1017
ATL,CAK,1159
ATL,CHA,831
ATL,CHO,381
ATL,CHS,1205
ATL,CID,236
ATL,CLE,1002
ATL,CLT,1791
ATL,CMH,298
ATL,COS,203
ATL,CRP,279
ATL,CRW,688
ATL,CSG,593
ATL,CVG,876
ATL,DAB,849
ATL,DAY,1051
ATL,DCA,1974
ATL,DEN,1786
ATL,DFW,3055
ATL,DHN,669
ATL,DSM,563
ATL,DTW,1869
ATL,EGE,25
ATL,ELP,186
ATL,ERI,210
ATL,EVV,587
ATL,EWN,222
ATL,EWR,3291
ATL,EYW,480
ATL,FAY,1017
ATL,FCA,1
ATL,FLL,2424
ATL,FLO,285
ATL,FNT,1125
ATL,FSD,143
ATL,FSM,153
ATL,FWA,416
ATL,GNV,982
ATL,GPT,887
ATL,GRB,135
ATL,GRK,342
ATL,GRR,689
ATL,GSO,1029
ATL,GSP,712
ATL,GTR,388
ATL,HDN,31
ATL,HHH,500
ATL,HNL,265
ATL,HOU,1240
ATL,HPN,1030
ATL,HSV,735
ATL,HTS,21
ATL,IAD,1567
ATL,IAH,1380
ATL,ICT,1291
ATL,ILG,172
ATL,ILM,937
ATL,IND,961
ATL,ISO,2
ATL,ISP,337
ATL,JAC,43
ATL,JAN,869
ATL,JAX,1567
ATL,JFK,726
ATL,LAN,131
ATL,LAS,1650
ATL,LAX,1908
ATL,LEX,560
ATL,LFT,500
ATL,LGA,4345
ATL,LIT,883
ATL,LWB,74
ATL,LYH,335
ATL,MCI,1113
ATL,MCN,415
ATL,MCO,2972
ATL,MDT,838
ATL,MDW,1512
ATL,MEI,323
ATL,MEM,1535
ATL,MFE,311
ATL,MGM,1081
ATL,MHT,562
ATL,MIA,2155
ATL,MKE,1426
ATL,MLB,646
ATL,MLI,775
ATL,MLU,541
ATL,MOB,894
ATL,MSN,311
ATL,MSP,1740
ATL,MSY,1179
ATL,MTH,40
ATL,MTJ,7
ATL,MYR,1192
ATL,OAJ,482
ATL,OAK,207
ATL,OGG,1
ATL,OKC,738
ATL,OMA,923
ATL,ONT,290
ATL,ORD,2502
ATL,ORF,730
ATL,PBI,1276
ATL,PDX,401
ATL,PFN,1142
ATL,PHF,985
ATL,PHL,2244
ATL,PHX,1457
ATL,PIA,425
ATL,PIT,1371
ATL,PNS,1611
ATL,PSE,0
ATL,PSP,23
ATL,PVD,691
ATL,PWM,513
ATL,RDU,1398
ATL,RIC,1306
ATL,RNO,103
ATL,ROA,574
ATL,ROC,936
ATL,RSW,1260
ATL,SAN,857
ATL,SAT,782
ATL,SAV,1276
ATL,SBN,537
ATL,SCE,93
ATL,SDF,924
ATL,SEA,995
ATL,SFO,1239
ATL,SGF,414
ATL,SHV,921
ATL,SJC,217
ATL,SJU,383
ATL,SLC,832
ATL,SMF,320
ATL,SNA,338
ATL,SOP,106
ATL,SRQ,939
ATL,STL,1113
ATL,STT,80
ATL,STX,18
ATL,SWF,764
ATL,SYR,675
ATL,TLH,832
ATL,TOL,290
ATL,TPA,2232
ATL,TRI,472
ATL,TTN,44
ATL,TUL,856
ATL,TUP,224
ATL,TUS,244
ATL,TVC,2
ATL,TYS,778
ATL,VLD,479
ATL,VPS,1277
ATL,XNA,772
ATW,ATL,282
ATW,CVG,246
ATW,DTW,206
ATW,MKE,0
ATW,MSP,130
ATW,ORD,780
AUS,ABQ,62
AUS,ATL,540
AUS,BHM,0
AUS,BNA,133
AUS,BOS,103
AUS,BTR,0
AUS,BWI,166
AUS,CID,0
AUS,CLE,104
AUS,COS,0
AUS,CRP,65
AUS,CVG,249
AUS,DAL,1406
AUS,DEN,550
AUS,DFW,1281
AUS,DTW,72
AUS,ELP,331
AUS,EWR,408
AUS,GJT,0
AUS,GPT,1
AUS,HOU,687
AUS,HRL,88
AUS,IAD,222
AUS,IAH,801
AUS,IND,0
AUS,JAX,79
AUS,JFK,362
AUS,LAS,254
AUS,LAX,328
AUS,LBB,158
AUS,MAF,106
AUS,MCI,140
AUS,MCN,0
AUS,MCO,49
AUS,MDW,115
AUS,MEM,201
AUS,MSP,248
AUS,MSY,70
AUS,OKC,66
AUS,ONT,90
AUS,ORD,828
AUS,PHX,563
AUS,PIA,0
AUS,PWM,0
AUS,RDU,125
AUS,RFD,0
AUS,SAN,122
AUS,SAT,0
AUS,SEA,61
AUS,SFO,54
AUS,SJC,261
AUS,SLC,165
AUS,SNA,16
AUS,STL,104
AUS,TPA,164
AUS,TUL,39
AUS,TUS,66
AVL,ATL,608
AVL,CVG,33
AVL,DTW,154
AVL,EWR,265
AVL,IAH,56
AVL,MSP,67
AVP,ATL,328
AVP,BUF,1
AVP,CVG,158
AVP,DTW,191
AVP,HPN,0
AVP,JFK,7
AVP,LGA,2
AVP,ORD,178
AVP,PHL,1
AZO,ATL,83
AZO,CVG,71
AZO,DTW,299
AZO,MKE,1
AZO,MSP,39
AZO,ORD,813
BDL,ATL,551
BDL,BNA,87
BDL,BOS,1
BDL,BWI,932
BDL,CLE,206
BDL,CLT,654
BDL,CVG,216
BDL,DCA,276
BDL,DEN,69
BDL,DFW,371
BDL,DTW,458
BDL,EWR,544
BDL,FLL,194
BDL,GRR,0
BDL,IAD,296
BDL,IAH,58
BDL,IND,113
BDL,JFK,120
BDL,LAS,55
BDL,LAX,85
BDL,MCO,363
BDL,MDW,249
BDL,MIA,47
BDL,MKE,184
BDL,MSP,266
BDL,ORD,1309
BDL,PBI,66
BDL,PHL,286
BDL,PHX,67
BDL,RDU,273
BDL,RSW,56
BDL,SJU,79
BDL,TPA,275
BET,ANC,335
BFL,DEN,43
BFL,IAH,74
BFL,LAS,91
BFL,LAX,179
BFL,PHX,219
BFL,SAN,31
BFL,SFO,326
BFL,SLC,79
BFL,SMF,5
BGM,ATL,71
BGM,DTW,157
BGM,JFK,4
BGR,ATL,215
BGR,BOS,280
BGR,CVG,201
BGR,DTW,241
BGR,EWR,245
BGR,LGA,94
BGR,MSP,2
BHM,ATL,621
BHM,AUS,3
BHM,BNA,133
BHM,BWI,214
BHM,CLT,163
BHM,CVG,190
BHM,DAL,192
BHM,DEN,299
BHM,DFW,324
BHM,DTW,280
BHM,EWR,191
BHM,HOU,180
BHM,IAD,117
BHM,IAH,531
BHM,JAX,122
BHM,LAS,53
BHM,LGA,384
BHM,MCO,238
BHM,MDW,164
BHM,MEM,164
BHM,MSY,62
BHM,OKC,0
BHM,ORD,750
BHM,PHX,97
BHM,RDU,56
BHM,SDF,130
BHM,SLC,102
BHM,STL,13
BHM,TPA,212
BIL,DEN,430
BIL,IDA,0
BIL,MSP,137
BIL,ORD,31
BIL,PIH,0
BIL,SFO,5
BIL,SLC,419
BIS,DEN,320
BIS,MSP,512
BIS,SLC,0
BJI,MSP,35
BLI,SEA,0
BLI,SLC,90
BLI,TWF,0
BMI,ATL,399
BMI,LAS,9
BMI,MCO,50
BMI,ORD,620
BNA,ATL,664
BNA,AUS,281
BNA,BDL,129
BNA,BHM,234
BNA,BOS,140
BNA,BWI,687
BNA,CLE,500
BNA,CLT,405
BNA,CMH,209
BNA,CVG,246
BNA,DCA,223
BNA,DEN,696
BNA,DFW,661
BNA,DTW,825
BNA,EWR,622
BNA,FLL,178
BNA,HOU,438
BNA,IAD,406
BNA,IAH,710
BNA,ICT,0
BNA,JAX,501
BNA,JFK,577
BNA,LAS,249
BNA,LAX,302
BNA,LGA,418
BNA,MCI,387
BNA,MCO,398
BNA,MDW,807
BNA,MEM,186
BNA,MIA,156
BNA,MSP,251
BNA,MSY,232
BNA,OAK,87
BNA,ONT,102
BNA,ORD,1462
BNA,ORF,0
BNA,PHL,280
BNA,PHX,245
BNA,PVD,124
BNA,RDU,488
BNA,SAN,161
BNA,SAT,206
BNA,SEA,140
BNA,SLC,134
BNA,STL,26
BNA,TPA,412
BOI,ATL,17
BOI,CID,0
BOI,COS,0
BOI,DEN,475
BOI,FSD,0
BOI,GEG,187
BOI,GJT,0
BOI,LAS,142
BOI,LAX,255
BOI,MLI,0
BOI,MSP,151
BOI,OAK,115
BOI,ONT,90
BOI,ORD,250
BOI,PDX,178
BOI,PHX,158
BOI,RNO,160
BOI,SAN,104
BOI,SEA,320
BOI,SFO,649
BOI,SLC,748
BOI,TVC,0
BOI,TWF,0
BOS,ATL,1704
BOS,AUS,55
BOS,BGR,525
BOS,BNA,165
BOS,BUF,283
BOS,BWI,1755
BOS,CAK,161
BOS,CHS,129
BOS,CLE,307
BOS,CLT,1408
BOS,CMH,376
BOS,CVG,439
BOS,DAY,40
BOS,DCA,2694
BOS,DEN,735
BOS,DFW,938
BOS,DTW,758
BOS,EWR,1774
BOS,FLL,701
BOS,GSO,187
BOS,IAD,1405
BOS,IAH,670
BOS,IND,264
BOS,JAX,280
BOS,JFK,3278
BOS,LAS,704
BOS,LAX,964
BOS,LGA,3318
BOS,LGB,147
BOS,MCO,811
BOS,MDW,362
BOS,MEM,232
BOS,MIA,600
BOS,MSP,484
BOS,MSY,2
BOS,MYR,24
BOS,OAK,113
BOS,ORD,2314
BOS,ORF,209
BOS,PBI,371
BOS,PDX,36
BOS,PHF,269
BOS,PHL,2682
BOS,PHX,442
BOS,PIT,503
BOS,RDU,1135
BOS,RIC,146
BOS,ROC,2
BOS,RSW,402
BOS,SAN,190
BOS,SAV,110
BOS,SDF,39
BOS,SEA,440
BOS,SFO,942
BOS,SJC,84
BOS,SJU,284
BOS,SLC,204
BOS,SRQ,2
BOS,STL,252
BOS,STT,11
BOS,TPA,447
BOS,TTN,295
BPT,IAH,44
BQK,ATL,283
BQN,EWR,73
BQN,JFK,98
BQN,MCO,87
BRO,IAH,283
BRW,ANC,69
BRW,FAI,191
BRW,SCC,47
BTM,SLC,129
BTR,ATL,874
BTR,CVG,90
BTR,DCA,102
BTR,DFW,927
BTR,IAH,588
BTR,MEM,206
BTR,MSY,0
BTR,ORD,155
BTV,ATL,259
BTV,CLE,125
BTV,CVG,111
BTV,DTW,232
BTV,EWR,574
BTV,JFK,794
BTV,MCO,0
BTV,MSP,14
BTV,ORD,257
BTV,PHL,65
BUF,ATL,959
BUF,BOS,188
BUF,BWI,628
BUF,CLE,330
BUF,CLT,479
BUF,CVG,228
BUF,DCA,64
BUF,DTW,349
BUF,EWR,610
BUF,FLL,15
BUF,GSP,0
BUF,IAD,270
BUF,JFK,1521
BUF,LAS,61
BUF,MCO,328
BUF,MDW,234
BUF,MSP,66
BUF,ORD,1154
BUF,PBI,0
BUF,PHL,305
BUF,PHX,111
BUF,TPA,112
BUF,TYS,0
BUR,CDC,0
BUR,COS,0
BUR,DEN,264
BUR,DFW,388
BUR,JFK,463
BUR,LAS,1307
BUR,LAX,0
BUR,OAK,1220
BUR,PDX,13
BUR,PHX,1035
BUR,SEA,516
BUR,SFO,783
BUR,SJC,633
BUR,SLC,392
BUR,SMF,854
BWI,ABE,1
BWI,ABQ,110
BWI,ALB,779
BWI,ATL,1374
BWI,AUS,211
BWI,AVP,1
BWI,BDL,960
BWI,BHM,331
BWI,BNA,704
BWI,BOS,1802
BWI,BUF,699
BWI,CLE,812
BWI,CLT,1234
BWI,CMH,410
BWI,CVG,448
BWI,DAB,12
BWI,DAY,252
BWI,DCA,1
BWI,DEN,889
BWI,DFW,917
BWI,DTW,840
BWI,EWR,524
BWI,FLL,826
BWI,GRR,0
BWI,HOU,463
BWI,IAH,337
BWI,IND,259
BWI,ISP,875
BWI,JAN,156
BWI,JAX,359
BWI,JFK,407
BWI,LAS,456
BWI,LAX,380
BWI,LGA,1
BWI,LIT,108
BWI,MCI,319
BWI,MCO,1222
BWI,MDW,807
BWI,MEM,251
BWI,MHT,1283
BWI,MIA,326
BWI,MKE,417
BWI,MSN,0
BWI,MSP,312
BWI,MSY,75
BWI,OAK,26
BWI,OKC,51
BWI,ORD,1285
BWI,ORF,501
BWI,PBI,352
BWI,PHL,269
BWI,PHX,753
BWI,PIT,253
BWI,PVD,1192
BWI,PWM,226
BWI,RDU,672
BWI,ROC,318
BWI,RSW,264
BWI,SAN,177
BWI,SAT,176
BWI,SDF,407
BWI,SEA,74
BWI,SFO,95
BWI,SJU,55
BWI,SLC,175
BWI,SRQ,48
BWI,STL,439
BWI,TPA,1043
BZN,ATL,22
BZN,DEN,464
BZN,DTW,2
BZN,GJT,0
BZN,MSN,0
BZN,MSP,215
BZN,ORD,195
BZN,PIH,0
BZN,SFO,9
BZN,SLC,481
BZN,TWF,0
CAE,ATL,684
CAE,CVG,275
CAE,DFW,276
CAE,DTW,172
CAE,EWR,329
CAE,IAD,437
CAE,IAH,55
CAE,LGA,310
CAE,MEM,145
CAE,ORD,537
CAE,RDU,0
CAK,ATL,959
CAK,BOS,149
CAK,CMH,0
CAK,CVG,215
CAK,DEN,126
CAK,DTW,171
CAK,FLL,16
CAK,LAS,11
CAK,LGA,319
CAK,MCO,66
CAK,ORD,255
CAK,RSW,55
CAK,TPA,45
CDV,ANC,121
CDV,YAK,89
CEC,ACV,163
CEC,RDD,0
CEC,SFO,317
CEC,SMF,0
CHA,ATL,637
CHA,BNA,1
CHA,CVG,87
CHA,DFW,124
CHA,IAH,98
CHA,MEM,63
CHA,ORD,188
CHO,ATL,273
CHO,CVG,34
CHS,ATL,969
CHS,BOS,147
CHS,CLT,479
CHS,CVG,262
CHS,DFW,433
CHS,DTW,133
CHS,EWR,489
CHS,IAD,392
CHS,IAH,92
CHS,IND,0
CHS,LGA,405
CHS,MCO,77
CHS,MEM,158
CHS,MKE,0
CHS,MSP,7
CHS,ORD,438
CHS,SAV,0
CIC,SFO,397
CIC,SMF,0
CID,ATL,175
CID,COS,0
CID,CVG,108
CID,DEN,300
CID,DFW,506
CID,DTW,192
CID,MSP,214
CID,ORD,1382
CID,RFD,0
CLD,LAX,518
CLD,PHX,38
CLD,SNA,0
CLE,ABE,191
CLE,ABQ,2
CLE,ALB,251
CLE,ATL,978
CLE,AUS,191
CLE,BDL,168
CLE,BNA,419
CLE,BOS,338
CLE,BTV,171
CLE,BUF,233
CLE,BWI,716
CLE,CLT,373
CLE,CMH,167
CLE,CVG,161
CLE,DAB,3
CLE,DAY,257
CLE,DCA,381
CLE,DEN,339
CLE,DFW,820
CLE,DTW,402
CLE,ERI,0
CLE,EWR,775
CLE,FLL,83
CLE,FWA,0
CLE,GRR,368
CLE,GSP,128
CLE,HPN,72
CLE,IAD,582
CLE,IAH,502
CLE,IND,213
CLE,JAX,26
CLE,JFK,509
CLE,LAS,478
CLE,LAX,373
CLE,LEX,80
CLE,LGA,1433
CLE,MCI,369
CLE,MCO,340
CLE,MDT,74
CLE,MDW,1090
CLE,MEM,238
CLE,MHT,244
CLE,MIA,122
CLE,MKE,443
CLE,MSN,150
CLE,MSP,765
CLE,MSY,56
CLE,OKC,46
CLE,ORD,2394
CLE,ORF,109
CLE,PBI,65
CLE,PHL,372
CLE,PHX,337
CLE,PVD,131
CLE,PWM,35
CLE,RDU,251
CLE,RIC,229
CLE,ROC,264
CLE,RSW,111
CLE,SAN,55
CLE,SAT,115
CLE,SDF,197
CLE,SEA,74
CLE,SFO,137
CLE,SJU,9
CLE,SLC,85
CLE,SRQ,39
CLE,STL,429
CLE,SYR,208
CLE,TPA,160
CLE,TYS,126
CLL,DFW,323
CLL,IAH,41
CLT,ABE,115
CLT,AGS,11
CLT,ALB,355
CLT,ATL,1678
CLT,BDL,732
CLT,BHM,175
CLT,BNA,630
CLT,BOS,1431
CLT,BUF,594
CLT,BWI,1460
CLT,CHS,619
CLT,CLE,504
CLT,CMH,300
CLT,CVG,264
CLT,DCA,1122
CLT,DEN,822
CLT,DFW,1165
CLT,DTW,1116
CLT,EGE,7
CLT,EWR,2450
CLT,FLL,1233
CLT,GRR,0
CLT,GSO,320
CLT,IAD,1002
CLT,IAH,1087
CLT,ILM,617
CLT,IND,495
CLT,JAX,990
CLT,JFK,976
CLT,LAS,860
CLT,LAX,581
CLT,LGA,2919
CLT,LIT,10
CLT,MCI,360
CLT,MCO,1646
CLT,MDT,318
CLT,MDW,178
CLT,MEM,536
CLT,MHT,300
CLT,MIA,1532
CLT,MKE,51
CLT,MSP,644
CLT,MSY,508
CLT,MYR,867
CLT,ORD,2458
CLT,ORF,652
CLT,PBI,793
CLT,PDX,36
CLT,PHL,1535
CLT,PHX,1041
CLT,PIT,952
CLT,PNS,250
CLT,PVD,696
CLT,PWM,147
CLT,RDU,926
CLT,RIC,602
CLT,ROC,188
CLT,RSW,741
CLT,SAN,238
CLT,SAV,505
CLT,SDF,12
CLT,SEA,198
CLT,SFO,544
CLT,SJU,376
CLT,SLC,115
CLT,SRQ,226
CLT,STL,390
CLT,STT,187
CLT,STX,11
CLT,SYR,358
CLT,TLH,5
CLT,TPA,1183
CLT,TRI,3
CMH,ATL,258
CMH,BNA,161
CMH,BOS,305
CMH,BWI,348
CMH,CLE,127
CMH,CLT,282
CMH,CVG,277
CMH,DCA,125
CMH,DEN,129
CMH,DFW,449
CMH,DTW,574
CMH,EWR,752
CMH,FLL,3
CMH,IAH,188
CMH,JFK,758
CMH,LAS,293
CMH,LAX,96
CMH,LGA,1149
CMH,MCI,148
CMH,MCO,217
CMH,MDW,661
CMH,MEM,214
CMH,MIA,155
CMH,MKE,198
CMH,MSN,0
CMH,MSP,312
CMH,ORD,1829
CMH,PHL,361
CMH,PHX,250
CMH,RDU,135
CMH,RSW,101
CMH,SLC,36
CMH,STL,139
CMH,TPA,158
CMI,DFW,74
CMI,ORD,692
CMX,MSP,42
COD,DEN,64
COD,SLC,191
COS,ABQ,0
COS,ATL,164
COS,BHM,0
COS,CVG,156
COS,DEN,1057
COS,DFW,562
COS,GRB,0
COS,IAH,300
COS,LAS,44
COS,LAX,325
COS,MCI,65
COS,MKE,0
COS,MSP,184
COS,MTJ,0
COS,ONT,115
COS,ORD,463
COS,PHX,377
COS,RFD,0
COS,SAN,99
COS,SFO,88
COS,SLC,303
COS,SMF,146
COS,TUL,0
CPR,DEN,425
CPR,MSP,92
CPR,SLC,284
CRP,ATL,219
CRP,AUS,28
CRP,DFW,649
CRP,HOU,423
CRP,IAH,292
CRW,ATL,591
CRW,CVG,160
CRW,DAY,0
CRW,IAH,135
CRW,ORD,192
CRW,RDU,1
CRW,ROA,1
CRW,SPI,0
CSG,ATL,500
CVG,ABE,236
CVG,ABQ,105
CVG,ALB,302
CVG,ANC,22
CVG,ATL,750
CVG,ATW,213
CVG,AUS,351
CVG,AVL,29
CVG,AVP,263
CVG,AZO,88
CVG,BDL,368
CVG,BGR,237
CVG,BHM,290
CVG,BNA,343
CVG,BOS,510
CVG,BTR,136
CVG,BTV,142
CVG,BUF,160
CVG,BWI,483
CVG,CAE,335
CVG,CAK,207
CVG,CHA,152
CVG,CHO,93
CVG,CHS,245
CVG,CID,228
CVG,CLE,182
CVG,CLT,312
CVG,CMH,273
CVG,COS,127
CVG,CRW,198
CVG,DAY,350
CVG,DCA,450
CVG,DEN,595
CVG,DFW,1196
CVG,DSM,346
CVG,DTW,999
CVG,EGE,5
CVG,EWR,1382
CVG,FLL,176
CVG,FSD,195
CVG,GRB,154
CVG,GRR,356
CVG,GSO,379
CVG,GSP,187
CVG,HNL,23
CVG,HPN,308
CVG,HSV,230
CVG,HTS,40
CVG,IAD,306
CVG,IAH,765
CVG,ILM,26
CVG,IND,40
CVG,JAC,4
CVG,JAN,202
CVG,JAX,438
CVG,JFK,714
CVG,LAN,160
CVG,LAS,262
CVG,LAX,443
CVG,LEX,424
CVG,LGA,1401
CVG,LIT,11
CVG,MCI,524
CVG,MCO,299
CVG,MDT,274
CVG,MEM,306
CVG,MGM,47
CVG,MHT,365
CVG,MIA,257
CVG,MKE,368
CVG,MLB,2
CVG,MSN,105
CVG,MSP,968
CVG,MSY,44
CVG,MYR,78
CVG,OKC,315
CVG,OMA,300
CVG,ORD,2088
CVG,ORF,186
CVG,PBI,245
CVG,PDX,153
CVG,PFN,9
CVG,PHL,711
CVG,PHX,152
CVG,PIT,453
CVG,PVD,335
CVG,PWM,179
CVG,RDU,425
CVG,RIC,189
CVG,ROA,106
CVG,ROC,311
CVG,RSW,192
CVG,SAN,125
CVG,SAT,416
CVG,SAV,245
CVG,SBN,18
CVG,SCE,25
CVG,SDF,116
CVG,SEA,340
CVG,SFO,285
CVG,SGF,152
CVG,SHV,35
CVG,SJU,6
CVG,SLC,358
CVG,SMF,1
CVG,SNA,67
CVG,SRQ,145
CVG,STL,232
CVG,SYR,291
CVG,TPA,281
CVG,TRI,2
CVG,TUL,292
CVG,TVC,40
CVG,TYS,328
CVG,VPS,3
CWA,DTW,118
CWA,MSP,27
CWA,ORD,249
DAB,ATL,605
DAB,BWI,8
DAB,CLE,2
DAB,EWR,225
DAB,IAD,27
DAB,LGA,7
DAB,ORD,7
DAL,ABQ,838
DAL,AMA,933
DAL,AUS,1748
DAL,BHM,134
DAL,ELP,743
DAL,HOU,3103
DAL,IAH,1066
DAL,LBB,901
DAL,LIT,827
DAL,MAF,780
DAL,MCI,1078
DAL,MSY,528
DAL,OKC,621
DAL,SAT,1776
DAL,STL,874
DAL,TUL,688
DAY,ATL,875
DAY,BOS,31
DAY,BWI,194
DAY,CLE,155
DAY,CVG,230
DAY,DEN,119
DAY,DFW,242
DAY,DTW,237
DAY,EWR,240
DAY,IAH,189
DAY,LAS,2
DAY,MCO,37
DAY,MSP,251
DAY,ORD,733
DAY,TPA,49
DBQ,ORD,376
DCA,ALB,160
DCA,ATL,1390
DCA,BDL,413
DCA,BNA,342
DCA,BOS,2992
DCA,BTR,79
DCA,BUF,284
DCA,CLE,334
DCA,CLT,1130
DCA,CMH,41
DCA,CVG,241
DCA,DEN,336
DCA,DFW,1164
DCA,DSM,61
DCA,DTW,634
DCA,EWR,1039
DCA,FLL,596
DCA,GRR,72
DCA,HSV,165
DCA,IAH,661
DCA,IND,333
DCA,JAN,95
DCA,JAX,334
DCA,JFK,1236
DCA,LAS,136
DCA,LAX,55
DCA,LEX,170
DCA,LGA,3852
DCA,MCO,673
DCA,MEM,329
DCA,MHT,128
DCA,MIA,1055
DCA,MLB,54
DCA,MSN,43
DCA,MSP,754
DCA,MSY,89
DCA,ORD,1851
DCA,PBI,492
DCA,PHL,117
DCA,PHX,448
DCA,PIT,217
DCA,PLN,1
DCA,PVD,289
DCA,RDU,574
DCA,RSW,259
DCA,SAV,4
DCA,SEA,223
DCA,SLC,82
DCA,SRQ,6
DCA,STL,285
DCA,SYR,225
DCA,TPA,583
DCA,XNA,28
DEN,ABQ,997
DEN,AMA,31
DEN,ANC,239
DEN,ASE,998
DEN,ATL,1703
DEN,AUS,778
DEN,BDL,99
DEN,BFF,0
DEN,BFL,32
DEN,BHM,299
DEN,BIL,555
DEN,BIS,378
DEN,BNA,858
DEN,BOI,624
DEN,BOS,907
DEN,BUR,578
DEN,BWI,872
DEN,BZN,480
DEN,CAK,252
DEN,CDC,0
DEN,CID,320
DEN,CLE,283
DEN,CLT,787
DEN,CMH,216
DEN,COD,118
DEN,COS,1188
DEN,CPR,438
DEN,CVG,539
DEN,DAY,243
DEN,DCA,482
DEN,DFW,3065
DEN,DRO,654
DEN,DSM,482
DEN,DTW,1117
DEN,EGE,506
DEN,ELP,296
DEN,EUG,238
DEN,EWR,1077
DEN,FAR,393
DEN,FAT,388
DEN,FCA,75
DEN,FLL,376
DEN,FSD,524
DEN,FWA,0
DEN,GEG,502
DEN,GJT,664
DEN,GRR,135
DEN,GTF,258
DEN,GUC,297
DEN,HDN,375
DEN,HLN,0
DEN,HNL,92
DEN,HOU,246
DEN,HSV,102
DEN,IAD,1073
DEN,IAH,1553
DEN,ICT,589
DEN,IDA,258
DEN,IND,536
DEN,JAC,422
DEN,JAX,71
DEN,JFK,355
DEN,KOA,18
DEN,LAS,2598
DEN,LAX,2858
DEN,LGA,1745
DEN,LIH,1
DEN,LIT,0
DEN,LNK,443
DEN,MCI,1906
DEN,MCO,1112
DEN,MDW,1123
DEN,MEM,697
DEN,MFR,130
DEN,MIA,416
DEN,MKE,537
DEN,MLI,251
DEN,MRY,100
DEN,MSN,361
DEN,MSO,377
DEN,MSP,1817
DEN,MSY,330
DEN,MTJ,474
DEN,OAK,701
DEN,OGG,45
DEN,OKC,669
DEN,OMA,990
DEN,ONT,518
DEN,ORD,2454
DEN,PBI,19
DEN,PDX,1464
DEN,PHL,1074
DEN,PHX,2975
DEN,PIA,18
DEN,PIH,0
DEN,PIT,364
DEN,PSC,303
DEN,PSP,379
DEN,RAP,665
DEN,RDM,13
DEN,RDU,81
DEN,RFD,208
DEN,RNO,573
DEN,RSW,141
DEN,SAN,1473
DEN,SAT,667
DEN,SBA,195
DEN,SDF,28
DEN,SEA,2327
DEN,SFO,2163
DEN,SGF,397
DEN,SJC,1102
DEN,SLC,2885
DEN,SMF,1067
DEN,SNA,992
DEN,STL,673
DEN,TPA,693
DEN,TUL,524
DEN,TUS,588
DEN,TWF,0
DEN,TYS,106
DEN,XNA,228
DFW,ABI,1037
DFW,ABQ,941
DFW,ACT,694
DFW,AEX,370
DFW,AMA,946
DFW,ANC,95
DFW,ATL,2833
DFW,AUS,1838
DFW,BDL,410
DFW,BHM,426
DFW,BNA,948
DFW,BOS,1147
DFW,BTR,1122
DFW,BUR,515
DFW,BWI,931
DFW,CAE,405
DFW,CHA,116
DFW,CHS,354
DFW,CID,609
DFW,CLE,929
DFW,CLL,523
DFW,CLT,1235
DFW,CMH,602
DFW,CMI,139
DFW,COS,679
DFW,CRP,795
DFW,CVG,1095
DFW,DAY,398
DFW,DCA,1383
DFW,DEN,2825
DFW,DSM,749
DFW,DTW,1121
DFW,EGE,188
DFW,ELP,881
DFW,EVV,100
DFW,EWR,1735
DFW,FAT,223
DFW,FLL,901
DFW,FNT,49
DFW,FSM,677
DFW,FWA,282
DFW,GGG,383
DFW,GPT,367
DFW,GRK,1135
DFW,GRR,360
DFW,GSO,373
DFW,GSP,466
DFW,GUC,47
DFW,HDN,52
DFW,HNL,158
DFW,HOU,809
DFW,HSV,636
DFW,IAD,625
DFW,IAH,1565
DFW,ICT,613
DFW,IND,738
DFW,JAC,91
DFW,JAN,973
DFW,JAX,426
DFW,JFK,400
DFW,LAS,1961
DFW,LAW,711
DFW,LAX,2563
DFW,LBB,1284
DFW,LEX,381
DFW,LFT,492
DFW,LGA,2402
DFW,LIT,1540
DFW,LRD,562
DFW,MAF,693
DFW,MCI,1003
DFW,MCO,1576
DFW,MDT,211
DFW,MDW,2
DFW,MEM,681
DFW,MFE,439
DFW,MIA,1314
DFW,MKE,316
DFW,MLI,165
DFW,MLU,336
DFW,MOB,480
DFW,MSN,340
DFW,MSP,1220
DFW,MSY,849
DFW,MTJ,85
DFW,OAK,479
DFW,OGG,62
DFW,OKC,973
DFW,OMA,583
DFW,ONT,599
DFW,ORD,3392
DFW,ORF,345
DFW,PBI,304
DFW,PDX,518
DFW,PHL,1457
DFW,PHX,1983
DFW,PIA,198
DFW,PIT,1041
DFW,PNS,737
DFW,PSP,309
DFW,RDU,832
DFW,RIC,393
DFW,RNO,337
DFW,ROC,201
DFW,ROW,82
DFW,RSW,311
DFW,SAN,1277
DFW,SAT,1599
DFW,SAV,286
DFW,SBA,167
DFW,SDF,540
DFW,SEA,1446
DFW,SFO,1622
DFW,SGF,1181
DFW,SHV,1271
DFW,SJC,709
DFW,SJT,546
DFW,SJU,458
DFW,SLC,1034
DFW,SMF,669
DFW,SNA,1170
DFW,SPS,679
DFW,STL,1222
DFW,SYR,152
DFW,TPA,987
DFW,TUL,1358
DFW,TUS,958
DFW,TXK,367
DFW,TYR,541
DFW,TYS,588
DFW,VPS,731
DFW,XNA,974
DHN,ATL,485
DLG,ANC,84
DLH,DTW,121
DLH,MSP,419
DRO,DEN,582
DRO,GJT,0
DRO,PHX,147
DRO,SLC,84
DSM,ATL,467
DSM,CVG,211
DSM,DCA,56
DSM,DEN,483
DSM,DFW,627
DSM,DTW,310
DSM,IAH,147
DSM,LGA,160
DSM,MEM,245
DSM,MSP,375
DSM,OMA,0
DSM,ORD,1574
DSM,PHX,122
DSM,PIH,0
DSM,SLC,76
DSM,TWF,0
DTW,ABE,262
DTW,ALB,413
DTW,ANC,45
DTW,ATL,2026
DTW,ATW,246
DTW,AUS,106
DTW,AVL,175
DTW,AVP,140
DTW,AZO,406
DTW,BDL,617
DTW,BGM,180
DTW,BGR,226
DTW,BHM,296
DTW,BNA,984
DTW,BOS,1064
DTW,BTV,216
DTW,BUF,672
DTW,BWI,1063
DTW,BZN,10
DTW,CAE,200
DTW,CAK,225
DTW,CHS,162
DTW,CID,254
DTW,CLE,431
DTW,CLT,1201
DTW,CMH,671
DTW,CVG,1003
DTW,CWA,125
DTW,DAY,234
DTW,DCA,980
DTW,DEN,1182
DTW,DFW,1226
DTW,DLH,139
DTW,DSM,327
DTW,ELM,332
DTW,ERI,230
DTW,EVV,285
DTW,EWR,2113
DTW,FLL,672
DTW,FNT,628
DTW,FWA,313
DTW,GRB,569
DTW,GRR,1067
DTW,GSO,275
DTW,GSP,334
DTW,HPN,235
DTW,HSV,174
DTW,IAD,917
DTW,IAH,882
DTW,IND,1116
DTW,JAN,185
DTW,JAX,357
DTW,JFK,856
DTW,LAN,572
DTW,LAS,819
DTW,LAX,831
DTW,LEX,420
DTW,LGA,2490
DTW,LIT,115
DTW,LNK,93
DTW,MBS,652
DTW,MCI,689
DTW,MCO,1251
DTW,MDT,327
DTW,MDW,1274
DTW,MEM,985
DTW,MHT,438
DTW,MIA,442
DTW,MKE,668
DTW,MLI,264
DTW,MSN,617
DTW,MSP,2490
DTW,MSY,223
DTW,MYR,129
DTW,OKC,221
DTW,OMA,410
DTW,ORD,2872
DTW,ORF,586
DTW,PBI,191
DTW,PDX,112
DTW,PHL,1118
DTW,PHX,1172
DTW,PIA,39
DTW,PIT,638
DTW,PLN,106
DTW,PVD,466
DTW,PWM,272
DTW,RDU,545
DTW,RIC,272
DTW,ROA,183
DTW,ROC,457
DTW,RST,66
DTW,RSW,571
DTW,SAN,245
DTW,SAT,323
DTW,SAV,145
DTW,SBN,411
DTW,SCE,63
DTW,SDF,485
DTW,SEA,599
DTW,SFO,593
DTW,SGF,87
DTW,SHV,102
DTW,SJU,54
DTW,SLC,78
DTW,SRQ,121
DTW,STL,832
DTW,STT,8
DTW,SWF,200
DTW,SYR,520
DTW,TPA,757
DTW,TUL,215
DTW,TVC,463
DTW,TYS,479
DTW,XNA,97
EAU,MSP,10
EGE,ATL,31
EGE,CLT,8
EGE,CVG,5
EGE,DEN,405
EGE,DFW,133
EGE,EWR,100
EGE,IAH,30
EGE,LAX,36
EGE,LGA,14
EGE,MIA,15
EGE,MSP,39
EGE,ORD,80
EGE,PHL,5
EKO,OGD,0
EKO,PIH,0
EKO,SLC,216
ELM,DTW,269
ELP,ABQ,178
ELP,ATL,113
ELP,AUS,343
ELP,COS,0
ELP,DAL,523
ELP,DEN,241
ELP,DFW,599
ELP,GJT,0
ELP,HOU,249
ELP,IAH,273
ELP,LAS,234
ELP,LAX,235
ELP,LBB,148
ELP,MAF,140
ELP,MFE,1
ELP,ONT,31
ELP,ORD,258
ELP,PHX,935
ELP,SAN,82
ELP,SAT,384
ELP,SLC,42
ELP,TUS,19
ERI,ATL,151
ERI,CLE,0
ERI,DTW,173
EUG,DEN,186
EUG,LAS,66
EUG,LAX,72
EUG,PDX,159
EUG,PHX,45
EUG,SFO,705
EUG,SJC,0
EUG,SLC,155
EVV,ATL,398
EVV,DFW,108
EVV,DTW,216
EVV,MEM,114
EVV,ORD,612
EWN,ATL,224
EWR,ABQ,218
EWR,ACK,55
EWR,ALB,597
EWR,ATL,2605
EWR,AUS,440
EWR,AVL,130
EWR,BDL,500
EWR,BGR,98
EWR,BHM,279
EWR,BNA,702
EWR,BOS,1450
EWR,BQN,242
EWR,BTV,571
EWR,BUF,709
EWR,BWI,567
EWR,CAE,250
EWR,CHS,517
EWR,CLE,794
EWR,CLT,2091
EWR,CMH,701
EWR,CVG,1077
EWR,DAB,93
EWR,DAY,383
EWR,DCA,807
EWR,DEN,889
EWR,DFW,1425
EWR,DTW,1583
EWR,EGE,91
EWR,FLL,1637
EWR,GRB,0
EWR,GRR,181
EWR,GSO,642
EWR,GSP,354
EWR,HDN,9
EWR,HNL,179
EWR,IAD,911
EWR,IAH,1645
EWR,IND,635
EWR,JAN,65
EWR,JAX,598
EWR,JFK,1
EWR,LAN,0
EWR,LAS,1033
EWR,LAX,1407
EWR,LEX,174
EWR,LIT,215
EWR,MCI,611
EWR,MCO,1852
EWR,MDW,242
EWR,MEM,478
EWR,MHT,497
EWR,MIA,1126
EWR,MKE,770
EWR,MSN,122
EWR,MSP,1181
EWR,MSY,350
EWR,MTJ,18
EWR,MYR,87
EWR,OKC,155
EWR,OMA,391
EWR,ORD,3236
EWR,ORF,728
EWR,PBI,916
EWR,PDX,322
EWR,PHX,928
EWR,PIT,937
EWR,PSE,96
EWR,PVD,641
EWR,PWM,523
EWR,RDU,1523
EWR,RIC,832
EWR,ROC,719
EWR,RSW,535
EWR,SAN,395
EWR,SAT,351
EWR,SAV,395
EWR,SDF,408
EWR,SEA,782
EWR,SFO,1120
EWR,SJC,134
EWR,SJU,641
EWR,SLC,393
EWR,SNA,294
EWR,SRQ,144
EWR,STL,647
EWR,STT,55
EWR,SYR,595
EWR,TPA,984
EWR,TUL,216
EWR,TUS,164
EWR,TYS,234
EWR,XNA,195
EYW,ATL,459
FAI,ANC,739
FAI,BRW,107
FAI,MSP,43
FAI,SCC,43
FAI,SEA,265
FAI,SLC,29
FAR,CID,0
FAR,COS,0
FAR,DEN,363
FAR,MSN,0
FAR,MSP,537
FAR,ORD,379
FAR,SLC,109
FAT,BOI,1
FAT,DEN,308
FAT,DFW,163
FAT,LAS,491
FAT,LAX,813
FAT,LGB,12
FAT,MRY,0
FAT,MTJ,0
FAT,ONT,30
FAT,PHX,268
FAT,SAN,78
FAT,SFO,770
FAT,SLC,347
FAT,SMF,0
FAT,TWF,0
FAY,ATL,803
FCA,ATL,6
FCA,DEN,77
FCA,GTF,35
FCA,MSP,153
FCA,ORD,11
FCA,PIH,0
FCA,SLC,369
FCA,TWF,0
FLG,PHX,331
FLL,ATL,1759
FLL,BDL,223
FLL,BNA,128
FLL,BOS,839
FLL,BUF,17
FLL,BWI,677
FLL,CAK,55
FLL,CLE,80
FLL,CLT,867
FLL,CMH,4
FLL,CVG,189
FLL,DCA,405
FLL,DEN,324
FLL,DFW,751
FLL,DTW,447
FLL,EWR,1948
FLL,GPT,98
FLL,HOU,123
FLL,HPN,323
FLL,IAD,358
FLL,IAH,349
FLL,IND,151
FLL,ISP,190
FLL,JAX,482
FLL,JFK,2066
FLL,LAS,281
FLL,LAX,260
FLL,LGA,1431
FLL,LGB,55
FLL,MCO,470
FLL,MDW,424
FLL,MEM,122
FLL,MIA,0
FLL,MSP,196
FLL,MSY,13
FLL,OAK,61
FLL,ORD,653
FLL,PHF,68
FLL,PHL,1323
FLL,PHX,362
FLL,PIT,247
FLL,PSE,13
FLL,PVD,59
FLL,RIC,22
FLL,ROC,17
FLL,RSW,0
FLL,SJU,236
FLL,SLC,54
FLL,STL,135
FLL,SWF,248
FLL,SYR,16
FLL,TPA,586
FLO,ATL,194
FNT,ATL,983
FNT,DFW,31
FNT,DTW,277
FNT,LAS,16
FNT,LGA,32
FNT,MCO,46
FNT,MSP,62
FNT,ORD,447
FNT,RSW,91
FNT,TPA,92
FSD,ATL,121
FSD,COS,0
FSD,CVG,75
FSD,CYS,0
FSD,DEN,524
FSD,MSN,0
FSD,MSP,411
FSD,ORD,610
FSD,PIH,0
FSD,RFD,0
FSD,SBN,0
FSD,SLC,77
FSM,ATL,137
FSM,DFW,479
FSM,MEM,72
FWA,ATL,292
FWA,CVG,1
FWA,DFW,187
FWA,DTW,341
FWA,ORD,930
GEG,BOI,165
GEG,DEN,295
GEG,GJT,0
GEG,LAS,122
GEG,LAX,92
GEG,MSP,208
GEG,OAK,84
GEG,ONT,73
GEG,ORD,66
GEG,PDX,265
GEG,PHX,135
GEG,PVU,0
GEG,RNO,5
GEG,SAN,92
GEG,SEA,1213
GEG,SLC,556
GEG,SMF,90
GEG,TUS,6
GEG,TWF,0
GFK,MSP,224
GGG,DFW,228
GJT,DEN,653
GJT,PHX,234
GJT,SLC,218
GJT,TWF,0
GLH,MEM,0
GNV,ATL,699
GPT,ATL,754
GPT,DFW,344
GPT,FLL,85
GPT,IAH,497
GPT,MEM,200
GPT,MSY,1
GPT,ORD,13
GPT,TPA,70
GRB,ATL,79
GRB,CVG,148
GRB,DTW,307
GRB,MQT,141
GRB,MSP,323
GRB,ORD,1204
GRK,ATL,239
GRK,DFW,758
GRK,IAH,197
GRR,ATL,544
GRR,CLE,218
GRR,CVG,158
GRR,DCA,79
GRR,DEN,76
GRR,DFW,232
GRR,DTW,666
GRR,EWR,252
GRR,IAH,241
GRR,LGA,197
GRR,MCO,47
GRR,MEM,101
GRR,MKE,1
GRR,MSP,466
GRR,ORD,1152
GRR,TPA,2
GSO,ATL,878
GSO,BNA,1
GSO,BOS,142
GSO,BTR,1
GSO,CLT,205
GSO,CMH,1
GSO,CVG,307
GSO,DCA,1
GSO,DFW,313
GSO,DTW,301
GSO,EWR,608
GSO,IAD,103
GSO,IAH,219
GSO,JAX,1
GSO,LGA,261
GSO,MCO,110
GSO,MEM,260
GSO,MIA,34
GSO,MSP,115
GSO,MSY,2
GSO,ORD,496
GSO,RDU,6
GSO,TPA,0
GSP,ATL,519
GSP,CLE,99
GSP,CVG,131
GSP,DFW,396
GSP,DTW,274
GSP,EWR,211
GSP,IAD,371
GSP,IAH,186
GSP,LGA,201
GSP,MCN,0
GSP,MCO,59
GSP,MEM,256
GSP,ORD,626
GSP,RSW,1
GST,JNU,45
GTF,DEN,161
GTF,FCA,57
GTF,MSP,152
GTF,PIH,0
GTF,SLC,180
GTR,ATL,336
GUC,DEN,262
GUC,DFW,41
HDN,ATL,55
HDN,DEN,301
HDN,DFW,57
HDN,EWR,8
HDN,IAH,51
HDN,JFK,0
HDN,LGA,7
HDN,MSP,40
HDN,ORD,80
HDN,PIH,0
HDN,SLC,172
HHH,ATL,380
HLN,MSP,108
HLN,PIH,0
HLN,SLC,277
HLN,TWF,0
HNL,ANC,22
HNL,ATL,75
HNL,CVG,10
HNL,DEN,65
HNL,DFW,149
HNL,EWR,89
HNL,IAH,150
HNL,ITO,739
HNL,KOA,992
HNL,LAS,189
HNL,LAX,1269
HNL,LIH,1077
HNL,MSP,128
HNL,OAK,68
HNL,OGG,1269
HNL,ORD,134
HNL,PDX,182
HNL,PHX,260
HNL,SAN,122
HNL,SEA,334
HNL,SFO,567
HNL,SJC,88
HNL,SLC,57
HNL,SMF,141
HNL,SNA,86
HOU,ABQ,269
HOU,ATL,1038
HOU,AUS,735
HOU,BHM,218
HOU,BNA,584
HOU,BWI,420
HOU,CRP,619
HOU,DAL,2943
HOU,DEN,239
HOU,DFW,668
HOU,ELP,289
HOU,FLL,205
HOU,HRL,1069
HOU,JAN,535
HOU,JAX,145
HOU,JFK,364
HOU,LAS,380
HOU,LAX,367
HOU,LIT,107
HOU,MAF,247
HOU,MCO,490
HOU,MDW,710
HOU,MSY,1140
HOU,OAK,118
HOU,OKC,543
HOU,PHL,256
HOU,PHX,545
HOU,SAN,36
HOU,SAT,829
HOU,STL,480
HOU,TPA,394
HOU,TUL,465
HPN,ATL,995
HPN,CLE,78
HPN,CVG,327
HPN,DTW,255
HPN,FLL,336
HPN,JFK,2
HPN,MCO,367
HPN,MSP,139
HPN,ORD,1320
HPN,PBI,363
HPN,RSW,41
HPN,TPA,48
HRL,AUS,101
HRL,HOU,853
HRL,IAH,198
HRL,SAT,162
HSV,ATL,543
HSV,CVG,150
HSV,DCA,137
HSV,DEN,118
HSV,DFW,427
HSV,DTW,201
HSV,IAD,182
HSV,IAH,234
HSV,LGA,41
HSV,MEM,223
HSV,ORD,287
HSV,TUL,0
HTS,ATL,23
HTS,CVG,32
IAD,ABQ,142
IAD,ATL,1382
IAD,AUS,200
IAD,BDL,339
IAD,BHM,206
IAD,BNA,328
IAD,BOS,1541
IAD,BUF,223
IAD,BWI,1
IAD,CAE,603
IAD,CHS,524
IAD,CLE,581
IAD,CLT,917
IAD,CVG,268
IAD,DAB,87
IAD,DEN,985
IAD,DFW,528
IAD,DTW,819
IAD,EWR,1019
IAD,FLL,415
IAD,GSO,65
IAD,GSP,432
IAD,HSV,215
IAD,IAH,429
IAD,JAX,265
IAD,JFK,1297
IAD,LAS,567
IAD,LAX,1337
IAD,LFT,1
IAD,LGA,895
IAD,LGB,322
IAD,MCI,152
IAD,MCO,1148
IAD,MDT,253
IAD,MDW,601
IAD,MHT,327
IAD,MIA,236
IAD,MSP,367
IAD,MSY,133
IAD,MYR,300
IAD,OAK,285
IAD,OKC,37
IAD,ONT,0
IAD,ORD,1045
IAD,ORF,234
IAD,PBI,101
IAD,PDX,169
IAD,PHL,189
IAD,PHX,336
IAD,PIT,531
IAD,PVD,83
IAD,PWM,186
IAD,RDU,685
IAD,ROA,144
IAD,ROC,138
IAD,SAN,476
IAD,SAT,106
IAD,SAV,463
IAD,SEA,412
IAD,SFO,1072
IAD,SJC,121
IAD,SJU,303
IAD,SLC,106
IAD,SMF,121
IAD,SPI,124
IAD,STT,41
IAD,SYR,79
IAD,TPA,574
IAD,TUS,71
IAH,ABQ,523
IAH,AEX,167
IAH,AGS,0
IAH,AMA,238
IAH,ANC,89
IAH,ATL,1415
IAH,AUS,916
IAH,AVL,98
IAH,BDL,40
IAH,BFL,100
IAH,BHM,595
IAH,BNA,776
IAH,BOS,646
IAH,BPT,91
IAH,BRO,372
IAH,BTR,662
IAH,BWI,417
IAH,CAE,55
IAH,CHA,146
IAH,CHS,80
IAH,CLE,603
IAH,CLL,50
IAH,CLT,993
IAH,CMH,249
IAH,COS,386
IAH,CRP,368
IAH,CRW,122
IAH,CVG,815
IAH,DAL,1135
IAH,DAY,230
IAH,DCA,710
IAH,DEN,1633
IAH,DFW,1577
IAH,DSM,209
IAH,DTW,819
IAH,EGE,35
IAH,ELP,416
IAH,EWR,1706
IAH,FLL,483
IAH,GPT,513
IAH,GRK,196
IAH,GRR,199
IAH,GSO,239
IAH,GSP,240
IAH,HDN,35
IAH,HNL,180
IAH,HRL,242
IAH,HSV,302
IAH,IAD,398
IAH,ICT,416
IAH,IND,558
IAH,JAN,490
IAH,JAX,498
IAH,JFK,460
IAH,LAS,734
IAH,LAX,1338
IAH,LBB,216
IAH,LCH,305
IAH,LEX,185
IAH,LFT,844
IAH,LGA,1514
IAH,LIT,472
IAH,LRD,190
IAH,MAF,238
IAH,MCI,642
IAH,MCO,668
IAH,MEM,776
IAH,MFE,667
IAH,MGM,118
IAH,MIA,767
IAH,MKE,440
IAH,MLI,0
IAH,MLU,197
IAH,MOB,305
IAH,MSP,897
IAH,MSY,1028
IAH,MTJ,61
IAH,OAK,294
IAH,OKC,667
IAH,OMA,592
IAH,ONT,275
IAH,ORD,1966
IAH,ORF,272
IAH,PBI,311
IAH,PDX,408
IAH,PHL,714
IAH,PHX,1240
IAH,PIA,0
IAH,PIH,0
IAH,PIT,422
IAH,PNS,245
IAH,PSP,87
IAH,RDU,517
IAH,RIC,195
IAH,RNO,152
IAH,RSW,254
IAH,SAN,615
IAH,SAT,1070
IAH,SAV,279
IAH,SDF,136
IAH,SEA,891
IAH,SFO,913
IAH,SHV,366
IAH,SJC,274
IAH,SJU,205
IAH,SLC,839
IAH,SMF,308
IAH,SNA,522
IAH,SRQ,60
IAH,STL,279
IAH,TLH,222
IAH,TPA,501
IAH,TUL,522
IAH,TUS,431
IAH,TYS,296
IAH,VPS,243
IAH,XNA,347
ICT,ATL,1024
ICT,DEN,438
ICT,DFW,536
ICT,IAH,361
ICT,LAX,62
ICT,MEM,224
ICT,MSP,158
ICT,ORD,1048
ICT,PHX,109
ICT,PIA,0
IDA,CYS,0
IDA,DEN,189
IDA,GJT,0
IDA,MSP,104
IDA,OGD,0
IDA,PIH,0
IDA,SLC,340
ILG,ATL,122
ILM,ATL,744
ILM,CLT,370
ILM,CVG,43
ILM,RDU,0
IND,ATL,735
IND,BDL,152
IND,BOS,254
IND,BWI,184
IND,CLE,227
IND,CLT,454
IND,CVG,28
IND,DCA,292
IND,DEN,420
IND,DFW,527
IND,DSM,1
IND,DTW,660
IND,EWR,776
IND,FLL,176
IND,IAH,471
IND,JAX,186
IND,JFK,72
IND,LAS,272
IND,LAX,131
IND,LGA,450
IND,MCI,333
IND,MCO,462
IND,MDW,297
IND,MEM,255
IND,MIA,196
IND,MSP,436
IND,ORD,1405
IND,PBI,13
IND,PHL,287
IND,PHX,335
IND,RDU,148
IND,RSW,264
IND,SEA,20
IND,SFO,56
IND,SRQ,69
IND,TPA,269
INL,MSP,43
IPL,LAX,148
IPL,YUM,142
ISO,ATL,1
ISP,ATL,221
ISP,BWI,633
ISP,FLL,164
ISP,LAS,110
ISP,MCO,384
ISP,MDW,498
ISP,PBI,212
ISP,RSW,30
ISP,TPA,198
ITO,HNL,673
ITO,KOA,4
ITO,OGG,3
IYK,FAT,0
IYK,LAX,111
JAC,ATL,37
JAC,CVG,6
JAC,DEN,371
JAC,DFW,69
JAC,IDA,0
JAC,LAX,2
JAC,MSP,25
JAC,ORD,119
JAC,SLC,376
JAN,ATL,747
JAN,BWI,153
JAN,CVG,64
JAN,DCA,34
JAN,DFW,779
JAN,DTW,151
JAN,EWR,21
JAN,HOU,298
JAN,IAH,426
JAN,MCO,57
JAN,MDW,183
JAN,MEM,228
JAN,ORD,151
JAX,ATL,1186
JAX,AUS,41
JAX,BHM,38
JAX,BNA,339
JAX,BOS,255
JAX,BWI,304
JAX,CLE,17
JAX,CLT,577
JAX,CMH,1
JAX,CVG,272
JAX,DCA,221
JAX,DEN,51
JAX,DFW,365
JAX,DTW,336
JAX,EWR,778
JAX,FLL,473
JAX,HOU,149
JAX,IAD,231
JAX,IAH,457
JAX,IND,23
JAX,JFK,414
JAX,LAX,46
JAX,LGA,681
JAX,MCI,46
JAX,MEM,219
JAX,MIA,71
JAX,MSP,110
JAX,MSY,64
JAX,ORD,563
JAX,ORF,160
JAX,PHL,527
JAX,PIR,1
JAX,PNS,8
JAX,RDU,244
JAX,TPA,217
JFK,ACK,79
JFK,ALB,6
JFK,ATL,876
JFK,AUS,411
JFK,BDL,126
JFK,BGM,15
JFK,BNA,758
JFK,BOS,3244
JFK,BQN,152
JFK,BTV,934
JFK,BUF,1731
JFK,BUR,505
JFK,BWI,367
JFK,CLE,535
JFK,CLT,1065
JFK,CMH,1022
JFK,CVG,665
JFK,DCA,1379
JFK,DEN,311
JFK,DFW,390
JFK,DTW,924
JFK,FLL,2078
JFK,GSO,1
JFK,HDN,1
JFK,HOU,366
JFK,IAD,1356
JFK,IAH,451
JFK,IND,78
JFK,JAX,482
JFK,LAS,1681
JFK,LAX,3122
JFK,LGA,6
JFK,LGB,555
JFK,MCO,2241
JFK,MHT,45
JFK,MIA,1047
JFK,MSP,451
JFK,MSY,267
JFK,OAK,567
JFK,ONT,150
JFK,ORD,1785
JFK,ORF,217
JFK,PBI,1160
JFK,PDX,356
JFK,PHL,77
JFK,PHX,856
JFK,PIT,1043
JFK,PSE,120
JFK,PVD,87
JFK,PWM,791
JFK,RDU,1664
JFK,RIC,751
JFK,ROC,1336
JFK,RSW,665
JFK,SAN,661
JFK,SAV,1
JFK,SDF,0
JFK,SEA,1001
JFK,SFO,2425
JFK,SJC,230
JFK,SJU,1599
JFK,SLC,760
JFK,SMF,169
JFK,SRQ,157
JFK,STL,300
JFK,STT,106
JFK,SWF,0
JFK,SYR,680
JFK,TPA,1294
JFK,TUS,150
JNU,ANC,354
JNU,GST,47
JNU,KTN,52
JNU,PSG,190
JNU,SEA,458
JNU,SIT,352
JNU,YAK,145
KOA,DEN,15
KOA,HNL,1024
KOA,LAX,279
KOA,OAK,57
KOA,OGG,90
KOA,ORD,79
KOA,PHX,64
KOA,SEA,69
KOA,SFO,251
KOA,SLC,3
KOA,SNA,100
KTN,JNU,164
KTN,SEA,333
KTN,SIT,130
KTN,WRG,105
LAN,ATL,63
LAN,CVG,168
LAN,DTW,400
LAN,GRR,1
LAN,MSP,74
LAN,ORD,511
LAS,ABQ,890
LAS,ALB,180
LAS,AMA,214
LAS,ANC,102
LAS,ATL,1169
LAS,AUS,424
LAS,BDL,159
LAS,BFL,52
LAS,BHM,96
LAS,BMI,5
LAS,BNA,418
LAS,BOI,299
LAS,BOS,668
LAS,BUF,177
LAS,BUR,1660
LAS,BWI,671
LAS,CAK,18
LAS,CLE,521
LAS,CLT,717
LAS,CMH,621
LAS,COS,50
LAS,CVG,225
LAS,DAY,11
LAS,DCA,165
LAS,DEN,2626
LAS,DFW,2075
LAS,DTW,868
LAS,ELP,387
LAS,EUG,90
LAS,EWR,892
LAS,FAT,491
LAS,FLL,297
LAS,FNT,5
LAS,GEG,246
LAS,HNL,112
LAS,HOU,480
LAS,IAD,590
LAS,IAH,536
LAS,IND,351
LAS,ISP,284
LAS,JFK,1723
LAS,LAX,4139
LAS,LBB,105
LAS,LGB,183
LAS,LIT,107
LAS,MAF,172
LAS,MCI,708
LAS,MCO,413
LAS,MDW,1194
LAS,MEM,125
LAS,MFR,78
LAS,MHT,147
LAS,MIA,245
LAS,MKE,38
LAS,MLI,6
LAS,MRY,35
LAS,MSP,943
LAS,MSY,203
LAS,OAK,1758
LAS,OGG,34
LAS,OKC,205
LAS,OMA,318
LAS,ONT,1427
LAS,ORD,2348
LAS,ORF,149
LAS,PBI,56
LAS,PDX,1209
LAS,PHL,1126
LAS,PHX,3344
LAS,PIH,0
LAS,PIT,572
LAS,PSP,226
LAS,PVD,139
LAS,RDU,200
LAS,RNO,1605
LAS,ROC,14
LAS,SAN,1873
LAS,SAT,579
LAS,SBA,108
LAS,SBP,36
LAS,SDF,176
LAS,SEA,2016
LAS,SFO,2305
LAS,SJC,1283
LAS,SLC,1820
LAS,SMF,1362
LAS,SNA,1105
LAS,STL,497
LAS,TPA,423
LAS,TUL,149
LAS,TUS,951
LAS,YUM,17
LAW,DFW,475
LAX,ABQ,850
LAX,ANC,119
LAX,ASE,57
LAX,ATL,1949
LAX,AUS,421
LAX,BDL,67
LAX,BFL,207
LAX,BNA,432
LAX,BOI,230
LAX,BOS,1101
LAX,BWI,372
LAX,CDC,0
LAX,CLD,438
LAX,CLE,346
LAX,CLT,470
LAX,CMH,125
LAX,COS,254
LAX,CVG,476
LAX,DCA,109
LAX,DEN,2500
LAX,DFW,2171
LAX,DRO,0
LAX,DTW,451
LAX,EGE,67
LAX,ELP,340
LAX,EUG,48
LAX,EWR,1303
LAX,FAT,947
LAX,FLL,340
LAX,GEG,154
LAX,GJT,0
LAX,HNL,1346
LAX,HOU,468
LAX,IAD,1190
LAX,IAH,887
LAX,ICT,90
LAX,IDA,0
LAX,IND,102
LAX,IPL,171
LAX,IYK,208
LAX,JAC,2
LAX,JAX,85
LAX,JFK,3176
LAX,KOA,247
LAX,LAS,3818
LAX,LIH,234
LAX,MCI,439
LAX,MCO,614
LAX,MDW,647
LAX,MEM,176
LAX,MFE,38
LAX,MIA,954
LAX,MKE,2
LAX,MOD,323
LAX,MRY,671
LAX,MSP,604
LAX,MSY,356
LAX,MTJ,7
LAX,OAK,2622
LAX,OGG,474
LAX,OKC,98
LAX,ONT,268
LAX,ORD,3017
LAX,OXR,254
LAX,PDX,1021
LAX,PHL,993
LAX,PHX,3207
LAX,PIT,91
LAX,PMD,0
LAX,PSP,775
LAX,RDU,87
LAX,RNO,675
LAX,SAN,2395
LAX,SAT,476
LAX,SBA,815
LAX,SBP,599
LAX,SDF,0
LAX,SEA,2138
LAX,SFO,3805
LAX,SGU,187
LAX,SJC,2721
LAX,SJU,70
LAX,SLC,1632
LAX,SMF,1919
LAX,SMX,385
LAX,SNA,422
LAX,STL,668
LAX,TPA,200
LAX,TUS,1227
LAX,XNA,128
LAX,YUM,240
LBB,ABQ,151
LBB,AUS,146
LBB,DAL,732
LBB,DFW,1078
LBB,ELP,27
LBB,IAH,191
LBB,LAS,75
LCH,IAH,245
LEX,ATL,415
LEX,CLE,53
LEX,CVG,306
LEX,DCA,34
LEX,DFW,299
LEX,DTW,336
LEX,EWR,179
LEX,IAH,235
LEX,IND,0
LEX,LGA,64
LEX,MCO,12
LEX,ORD,537
LEX,PIA,0
LFT,ATL,396
LFT,DCA,0
LFT,DFW,356
LFT,IAH,637
LGA,AGS,5
LGA,ATL,3674
LGA,BGR,158
LGA,BHM,272
LGA,BNA,349
LGA,BOS,2963
LGA,CAE,356
LGA,CAK,345
LGA,CHS,442
LGA,CLE,1360
LGA,CLT,2174
LGA,CMH,1049
LGA,CVG,1124
LGA,DAB,9
LGA,DCA,2930
LGA,DEN,1344
LGA,DFW,1917
LGA,DSM,217
LGA,DTW,2078
LGA,EGE,8
LGA,FLL,1177
LGA,FNT,48
LGA,GRR,268
LGA,GSO,394
LGA,GSP,235
LGA,HDN,5
LGA,HSV,30
LGA,IAD,684
LGA,IAH,1220
LGA,IND,460
LGA,JAX,692
LGA,LEX,142
LGA,MCO,983
LGA,MEM,418
LGA,MIA,1594
LGA,MLB,8
LGA,MSN,192
LGA,MSP,1073
LGA,MSY,162
LGA,MYR,98
LGA,ORD,4593
LGA,PBI,556
LGA,PHF,266
LGA,PIT,936
LGA,PWM,270
LGA,RDU,1751
LGA,RIC,410
LGA,RSW,34
LGA,SAV,449
LGA,SDF,89
LGA,SLC,5
LGA,STL,488
LGA,STT,1
LGA,TPA,596
LGA,TVC,17
LGA,TYS,250
LGA,VPS,4
LGA,XNA,177
LGB,BOS,184
LGB,EWR,0
LGB,FAT,6
LGB,FLL,98
LGB,GJT,0
LGB,IAD,337
LGB,JFK,615
LGB,LAS,192
LGB,MRY,9
LGB,OAK,340
LGB,ORD,330
LGB,PHX,259
LGB,PWM,0
LGB,RNO,24
LGB,SEA,475
LGB,SLC,525
LGB,SMF,127
LIH,DEN,1
LIH,HNL,923
LIH,LAX,213
LIH,OGG,57
LIH,PHX,93
LIH,SEA,25
LIH,SFO,145
LIT,ATL,698
LIT,BWI,178
LIT,CLT,10
LIT,COS,0
LIT,CVG,0
LIT,DAL,598
LIT,DFW,1226
LIT,DTW,128
LIT,EWR,50
LIT,GJT,0
LIT,HOU,89
LIT,IAH,419
LIT,LAS,99
LIT,MCO,19
LIT,MDW,86
LIT,MEM,239
LIT,MSP,59
LIT,ORD,781
LIT,PHX,19
LIT,SLC,76
LIT,STL,192
LNK,DEN,242
LNK,DTW,71
LNK,MSN,0
LNK,MSP,235
LNK,ORD,419
LNK,RFD,0
LNK,SGF,0
LRD,DFW,463
LRD,IAH,154
LSE,MSP,273
LSE,ORD,405
LWB,ATL,77
LWS,BOI,0
LWS,IDA,0
LWS,SLC,121
LWS,TWF,0
LYH,ATL,227
MAF,ABQ,85
MAF,AUS,134
MAF,DAL,517
MAF,DFW,602
MAF,ELP,19
MAF,HOU,147
MAF,IAH,183
MAF,LAS,132
MBS,DTW,417
MBS,MSP,53
MBS,ORD,386
MCI,ABQ,191
MCI,ATL,792
MCI,AUS,147
MCI,BNA,425
MCI,BWI,262
MCI,CLE,324
MCI,CLT,255
MCI,CMH,117
MCI,COS,102
MCI,CVG,330
MCI,DAL,1057
MCI,DEN,1329
MCI,DFW,818
MCI,DTW,560
MCI,EWR,623
MCI,GSO,0
MCI,IAD,185
MCI,IAH,561
MCI,IND,357
MCI,JAX,80
MCI,LAS,550
MCI,LAX,321
MCI,MCO,276
MCI,MDW,1233
MCI,MEM,234
MCI,MIA,5
MCI,MSN,89
MCI,MSP,725
MCI,MSY,68
MCI,OAK,120
MCI,OKC,508
MCI,OMA,0
MCI,ONT,90
MCI,ORD,1238
MCI,PDX,114
MCI,PHX,575
MCI,PIT,108
MCI,RDU,339
MCI,SAN,195
MCI,SAT,225
MCI,SDF,85
MCI,SEA,114
MCI,SLC,300
MCI,SMF,131
MCI,STL,559
MCI,TPA,154
MCI,TUL,416
MCI,TUS,54
MCN,ATL,297
MCO,ABQ,118
MCO,ACY,40
MCO,ALB,284
MCO,ATL,2249
MCO,AUS,84
MCO,BDL,411
MCO,BHM,191
MCO,BMI,35
MCO,BNA,387
MCO,BOS,983
MCO,BQN,157
MCO,BUF,291
MCO,BWI,1210
MCO,CAK,75
MCO,CHS,56
MCO,CLE,312
MCO,CLT,1198
MCO,CMH,213
MCO,CVG,236
MCO,DAY,121
MCO,DCA,547
MCO,DEN,834
MCO,DFW,1386
MCO,DTW,903
MCO,EWR,2255
MCO,FLL,599
MCO,FNT,173
MCO,GRR,38
MCO,GSO,95
MCO,GSP,63
MCO,HOU,332
MCO,HPN,433
MCO,IAD,990
MCO,IAH,544
MCO,IND,510
MCO,ISP,492
MCO,JAN,119
MCO,JFK,2053
MCO,LAS,286
MCO,LAX,561
MCO,LEX,18
MCO,LGA,1173
MCO,LIT,4
MCO,MCI,262
MCO,MDW,1038
MCO,MEM,365
MCO,MHT,357
MCO,MIA,794
MCO,MKE,151
MCO,MLI,27
MCO,MSP,614
MCO,MSY,265
MCO,ORD,1313
MCO,ORF,188
MCO,PBI,2
MCO,PDX,30
MCO,PHF,89
MCO,PHL,2363
MCO,PHX,422
MCO,PIT,626
MCO,PNS,2
MCO,PSE,70
MCO,PVD,433
MCO,PWM,3
MCO,RDU,409
MCO,RIC,117
MCO,ROC,113
MCO,RSW,496
MCO,SAN,16
MCO,SAT,189
MCO,SDF,138
MCO,SEA,269
MCO,SFO,80
MCO,SJU,709
MCO,SLC,158
MCO,STL,507
MCO,SWF,268
MCO,SYR,113
MCO,TLH,26
MCO,TPA,1
MCO,TRI,9
MCO,TYS,36
MDT,ATL,567
MDT,CLE,54
MDT,CLT,161
MDT,CVG,282
MDT,DCA,1
MDT,DFW,120
MDT,DTW,309
MDT,IAD,162
MDT,JFK,2
MDT,LGA,0
MDT,MSP,127
MDT,ORD,806
MDT,PHL,1
MDW,ABQ,236
MDW,ALB,298
MDW,ATL,1308
MDW,AUS,221
MDW,BDL,367
MDW,BHM,229
MDW,BNA,1026
MDW,BOS,354
MDW,BUF,377
MDW,BWI,863
MDW,CLE,1214
MDW,CLT,185
MDW,CMH,863
MDW,DEN,1322
MDW,DFW,3
MDW,DTW,1151
MDW,EWR,283
MDW,FLL,472
MDW,HOU,703
MDW,IAD,657
MDW,IND,570
MDW,ISP,647
MDW,JAN,252
MDW,LAS,1283
MDW,LAX,757
MDW,LGA,1
MDW,LIT,146
MDW,MCI,1422
MDW,MCO,990
MDW,MHT,486
MDW,MIA,35
MDW,MSP,1020
MDW,MSY,98
MDW,OAK,690
MDW,OMA,769
MDW,ORF,285
MDW,PBI,29
MDW,PDX,247
MDW,PHL,896
MDW,PHX,857
MDW,PIT,662
MDW,PVD,536
MDW,RDU,445
MDW,RNO,94
MDW,RSW,411
MDW,SAN,497
MDW,SAT,229
MDW,SDF,697
MDW,SEA,468
MDW,SFO,114
MDW,SJC,189
MDW,SLC,265
MDW,SMF,288
MDW,SNA,65
MDW,SRQ,152
MDW,STL,1393
MDW,TPA,722
MDW,TUS,213
MEI,ATL,259
MEM,ATL,1365
MEM,AUS,311
MEM,BHM,244
MEM,BNA,257
MEM,BOS,319
MEM,BTR,258
MEM,BWI,206
MEM,CAE,146
MEM,CHA,93
MEM,CHS,172
MEM,CLE,213
MEM,CLT,419
MEM,CMH,226
MEM,COS,0
MEM,CVG,252
MEM,DCA,348
MEM,DEN,745
MEM,DFW,663
MEM,DSM,211
MEM,DTW,711
MEM,EVV,136
MEM,EWR,783
MEM,FLL,214
MEM,FSM,59
MEM,GJT,0
MEM,GLH,0
MEM,GPT,268
MEM,GRR,109
MEM,GSO,238
MEM,GSP,228
MEM,HSV,247
MEM,IAH,774
MEM,ICT,238
MEM,IND,294
MEM,JAN,206
MEM,JAX,261
MEM,LAS,211
MEM,LAX,394
MEM,LGA,588
MEM,LIT,332
MEM,MCI,265
MEM,MCO,563
MEM,MGM,193
MEM,MIA,270
MEM,MKE,297
MEM,MLI,124
MEM,MOB,254
MEM,MSN,76
MEM,MSP,966
MEM,MSY,400
MEM,OKC,239
MEM,OMA,333
MEM,ORD,1499
MEM,PFN,244
MEM,PHL,332
MEM,PHX,367
MEM,PIA,0
MEM,PIT,220
MEM,PNS,233
MEM,RDU,221
MEM,RIC,61
MEM,RSW,28
MEM,SAT,407
MEM,SAV,24
MEM,SBN,0
MEM,SDF,180
MEM,SEA,117
MEM,SFO,85
MEM,SGF,240
MEM,SHV,259
MEM,SJU,17
MEM,SLC,98
MEM,STL,253
MEM,TLH,207
MEM,TPA,284
MEM,TUL,279
MEM,TYS,236
MEM,VPS,351
MEM,XNA,219
MFE,ATL,254
MFE,DFW,278
MFE,IAH,433
MFE,LAX,14
MFR,BOI,0
MFR,DEN,107
MFR,LAS,46
MFR,PDX,247
MFR,PHX,51
MFR,RDM,0
MFR,SFO,960
MFR,SJC,0
MFR,SLC,171
MFR,SMF,0
MGM,ATL,799
MGM,CVG,21
MGM,IAH,113
MGM,MEM,200
MHT,ATL,411
MHT,BOS,4
MHT,BWI,946
MHT,CLE,237
MHT,CLT,214
MHT,CVG,308
MHT,DCA,34
MHT,DTW,309
MHT,EWR,540
MHT,IAD,268
MHT,JFK,30
MHT,LAS,99
MHT,MCO,298
MHT,MDW,403
MHT,MSP,52
MHT,ORD,440
MHT,PHL,720
MHT,PHX,20
MHT,TPA,166
MIA,ATL,1986
MIA,BDL,169
MIA,BNA,232
MIA,BOS,762
MIA,BWI,354
MIA,CLE,171
MIA,CLT,1217
MIA,CMH,141
MIA,CVG,336
MIA,DCA,1027
MIA,DEN,364
MIA,DFW,1142
MIA,DTW,349
MIA,EGE,11
MIA,EWR,1169
MIA,FLL,0
MIA,GSO,55
MIA,IAD,226
MIA,IAH,718
MIA,IND,178
MIA,JAX,70
MIA,JFK,1127
MIA,LAS,347
MIA,LAX,959
MIA,LGA,1613
MIA,MCI,9
MIA,MCO,876
MIA,MDW,117
MIA,MEM,212
MIA,MSP,295
MIA,MSY,358
MIA,ORD,1431
MIA,ORF,74
MIA,PHL,951
MIA,PHX,106
MIA,PIT,190
MIA,RDU,398
MIA,RIC,67
MIA,SDF,64
MIA,SEA,146
MIA,SFO,373
MIA,SJU,1225
MIA,STL,288
MIA,STT,261
MIA,STX,80
MIA,TPA,513
MIA,XNA,64
MKC,MKE,1
MKE,ABE,0
MKE,ALB,0
MKE,ATL,1078
MKE,BDL,180
MKE,BHM,0
MKE,BUF,0
MKE,BWI,323
MKE,CLE,479
MKE,CLT,40
MKE,CMH,230
MKE,COS,0
MKE,CVG,354
MKE,DEN,414
MKE,DFW,347
MKE,DTW,345
MKE,EWR,852
MKE,GJT,0
MKE,GSP,0
MKE,IAH,459
MKE,LAS,47
MKE,LAX,0
MKE,LNK,0
MKE,MCI,0
MKE,MCN,0
MKE,MCO,134
MKE,MDW,0
MKE,MEM,199
MKE,MGM,0
MKE,MKC,0
MKE,MQT,12
MKE,MSN,146
MKE,MSP,891
MKE,OMA,71
MKE,ORD,1064
MKE,PHL,297
MKE,PHX,173
MKE,PIT,329
MKE,RDU,220
MKE,ROA,0
MKE,RSW,9
MKE,SGF,0
MKE,SLC,61
MKE,TPA,31
MKE,TWF,0
MLB,ATL,410
MLB,CVG,1
MLB,DCA,43
MLB,LGA,4
MLB,MCO,1
MLI,ATL,596
MLI,CVG,1
MLI,DEN,205
MLI,DFW,185
MLI,DTW,189
MLI,GJT,0
MLI,LAS,3
MLI,MCO,30
MLI,MEM,115
MLI,MSP,308
MLI,ORD,809
MLU,ATL,474
MLU,DFW,254
MLU,IAH,167
MOB,ATL,780
MOB,DFW,472
MOB,IAH,296
MOB,MEM,200
MOB,ORD,85
MOD,FAT,0
MOD,LAX,315
MOD,SFO,544
MOD,SNA,0
MOT,MSP,202
MQT,GRB,72
MQT,MKE,6
MQT,MSN,47
MQT,ORD,106
MRY,DEN,106
MRY,FAT,0
MRY,LAS,23
MRY,LAX,650
MRY,LGB,22
MRY,ONT,82
MRY,PHX,149
MRY,PIH,0
MRY,SAN,131
MRY,SFO,700
MRY,SLC,110
MSN,ATL,197
MSN,ATW,1
MSN,CLE,117
MSN,CPR,0
MSN,CVG,39
MSN,CYS,0
MSN,DCA,39
MSN,DEN,244
MSN,DFW,259
MSN,DTW,319
MSN,EWR,187
MSN,LGA,131
MSN,LNK,0
MSN,MCI,40
MSN,MEM,89
MSN,MKE,83
MSN,MLI,0
MSN,MQT,141
MSN,MSP,376
MSN,ORD,1490
MSN,PUB,0
MSN,RFD,0
MSO,COS,0
MSO,CPR,0
MSO,DEN,354
MSO,GJT,0
MSO,HLN,0
MSO,IDA,0
MSO,MSP,112
MSO,ORD,50
MSO,SLC,420
MSP,ABQ,240
MSP,ALB,85
MSP,ALO,65
MSP,ANC,479
MSP,ATL,1759
MSP,ATW,149
MSP,AUS,240
MSP,AVL,81
MSP,AZO,73
MSP,BDL,331
MSP,BGR,3
MSP,BHM,0
MSP,BIL,315
MSP,BIS,566
MSP,BJI,40
MSP,BNA,291
MSP,BOI,323
MSP,BOS,608
MSP,BTV,13
MSP,BUF,73
MSP,BWI,394
MSP,BZN,412
MSP,CHS,8
MSP,CID,319
MSP,CLE,650
MSP,CLT,682
MSP,CMH,366
MSP,CMX,74
MSP,COS,233
MSP,CPR,113
MSP,CVG,690
MSP,CWA,38
MSP,DAY,172
MSP,DCA,844
MSP,DEN,1750
MSP,DFW,1272
MSP,DLH,454
MSP,DSM,436
MSP,DTW,2125
MSP,EAU,9
MSP,EGE,54
MSP,EWR,1685
MSP,FAI,117
MSP,FAR,651
MSP,FCA,181
MSP,FLL,200
MSP,FNT,94
MSP,FSD,591
MSP,GEG,360
MSP,GFK,378
MSP,GRB,432
MSP,GRR,544
MSP,GSO,88
MSP,GTF,249
MSP,HDN,48
MSP,HLN,111
MSP,HNL,197
MSP,HPN,110
MSP,IAD,417
MSP,IAH,721
MSP,ICT,175
MSP,IDA,102
MSP,IND,591
MSP,INL,56
MSP,JAC,37
MSP,JAX,83
MSP,JFK,473
MSP,LAN,105
MSP,LAS,1063
MSP,LAX,962
MSP,LGA,1282
MSP,LIT,77
MSP,LNK,276
MSP,LSE,370
MSP,MBS,112
MSP,MCI,880
MSP,MCO,668
MSP,MDT,97
MSP,MDW,915
MSP,MEM,889
MSP,MHT,49
MSP,MIA,290
MSP,MKE,1147
MSP,MLI,330
MSP,MOT,362
MSP,MSN,528
MSP,MSO,151
MSP,MSY,104
MSP,MYR,10
MSP,OKC,177
MSP,OMA,619
MSP,ORD,3531
MSP,ORF,104
MSP,PDX,667
MSP,PHL,691
MSP,PHX,1410
MSP,PIA,0
MSP,PIR,1
MSP,PIT,382
MSP,PSP,89
MSP,PVD,86
MSP,PWM,25
MSP,RAP,358
MSP,RDU,244
MSP,RHI,50
MSP,RIC,86
MSP,ROC,92
MSP,RST,361
MSP,RSW,236
MSP,SAN,534
MSP,SAT,248
MSP,SAV,9
MSP,SBN,92
MSP,SDF,305
MSP,SEA,1061
MSP,SFO,915
MSP,SGF,78
MSP,SJC,278
MSP,SJU,16
MSP,SLC,970
MSP,SMF,313
MSP,SNA,326
MSP,STL,587
MSP,SUX,116
MSP,TPA,406
MSP,TUL,160
MSP,TUS,126
MSP,TVC,89
MSP,TYS,103
MSP,XNA,161
MSY,ATL,953
MSY,AUS,45
MSY,BHM,93
MSY,BNA,173
MSY,BOS,1
MSY,BWI,65
MSY,CAE,0
MSY,CLE,44
MSY,CLT,525
MSY,CVG,32
MSY,DAL,475
MSY,DCA,126
MSY,DEN,243
MSY,DFW,666
MSY,DTW,137
MSY,EWR,354
MSY,FLL,80
MSY,HOU,932
MSY,IAD,143
MSY,IAH,789
MSY,JAX,97
MSY,JFK,320
MSY,LAS,49
MSY,LAX,245
MSY,LGA,259
MSY,MCI,88
MSY,MCO,257
MSY,MDW,168
MSY,MEM,214
MSY,MIA,303
MSY,MSP,154
MSY,ORD,396
MSY,PHL,384
MSY,PHX,100
MSY,RDU,111
MSY,SAT,70
MSY,SEA,1
MSY,SFO,1
MSY,SLC,127
MSY,STL,41
MSY,TPA,318
MTH,ATL,44
MTJ,ATL,12
MTJ,DEN,476
MTJ,DFW,93
MTJ,EWR,15
MTJ,IAH,68
MTJ,LAX,10
MTJ,ORD,11
MTJ,PUB,0
MTJ,SLC,110
MYR,ATL,932
MYR,BOS,27
MYR,CLT,517
MYR,CVG,42
MYR,DTW,88
MYR,EWR,176
MYR,IAD,257
MYR,LGA,102
MYR,MSP,12
MYR,PHL,3
MYR,PIT,3
OAJ,ATL,378
OAK,ABQ,287
OAK,ATL,227
OAK,BFL,0
OAK,BNA,106
OAK,BOI,204
OAK,BOS,88
OAK,BUR,1515
OAK,BWI,46
OAK,DEN,588
OAK,DFW,365
OAK,FAT,0
OAK,FLL,60
OAK,GEG,189
OAK,GJT,0
OAK,HNL,43
OAK,HOU,156
OAK,IAD,233
OAK,IAH,229
OAK,JFK,404
OAK,KOA,37
OAK,LAS,1865
OAK,LAX,3232
OAK,LGB,228
OAK,MCI,185
OAK,MDW,674
OAK,OGG,38
OAK,ONT,1138
OAK,ORD,234
OAK,PDX,829
OAK,PHL,66
OAK,PHX,1269
OAK,RNO,419
OAK,SAN,1751
OAK,SEA,1647
OAK,SLC,1177
OAK,SNA,1262
OAK,TUS,10
OAK,TWF,0
OGG,ATL,0
OGG,DEN,16
OGG,DFW,66
OGG,HNL,1378
OGG,ITO,12
OGG,KOA,248
OGG,LAS,22
OGG,LAX,420
OGG,LIH,86
OGG,OAK,78
OGG,ORD,2
OGG,PDX,89
OGG,PHX,115
OGG,SAN,139
OGG,SEA,87
OGG,SFO,222
OGG,SLC,27
OGG,SMF,78
OGG,SNA,83
OKC,ABQ,43
OKC,ATL,660
OKC,AUS,61
OKC,BWI,13
OKC,CLE,19
OKC,CVG,252
OKC,DAL,329
OKC,DEN,509
OKC,DFW,699
OKC,DTW,200
OKC,EWR,38
OKC,GJT,0
OKC,HOU,354
OKC,IAH,594
OKC,LAS,161
OKC,LAX,106
OKC,MCI,320
OKC,MEM,352
OKC,MSP,279
OKC,ONT,32
OKC,ORD,847
OKC,PHX,392
OKC,SAN,66
OKC,SAT,62
OKC,SLC,192
OKC,SMF,60
OKC,STL,120
OKC,TUL,0
OMA,ATL,773
OMA,CID,0
OMA,CVG,221
OMA,DEN,727
OMA,DFW,350
OMA,DTW,405
OMA,EWR,371
OMA,IAH,574
OMA,LAS,222
OMA,MCI,1
OMA,MDW,581
OMA,MEM,312
OMA,MKE,36
OMA,MSN,0
OMA,MSP,525
OMA,ONT,62
OMA,ORD,1378
OMA,PHX,515
OMA,PIH,0
OMA,SAN,81
OMA,SBN,0
OMA,SLC,190
OMA,STL,209
OMA,TUS,11
OME,ANC,278
OME,OTZ,129
ONT,ABQ,157
ONT,ATL,213
ONT,AUS,143
ONT,BNA,74
ONT,BOI,72
ONT,COS,126
ONT,DEN,372
ONT,DFW,365
ONT,ELP,44
ONT,FAT,70
ONT,GEG,107
ONT,GJT,0
ONT,IAD,1
ONT,IAH,179
ONT,JFK,153
ONT,LAS,1180
ONT,LAX,294
ONT,MCI,185
ONT,MRY,82
ONT,OAK,945
ONT,OKC,65
ONT,OMA,134
ONT,PDX,26
ONT,PHX,1483
ONT,RNO,4
ONT,SAN,1
ONT,SAT,135
ONT,SBA,0
ONT,SEA,510
ONT,SFO,490
ONT,SJC,587
ONT,SLC,366
ONT,SMF,1013
ONT,STL,0
ONT,TUL,52
ONT,TUS,147
ONT,TWF,0
ORD,ABE,521
ORD,ABQ,216
ORD,ALB,744
ORD,ANC,291
ORD,ASE,109
ORD,ATL,2421
ORD,ATW,835
ORD,AUS,1065
ORD,AVP,262
ORD,AZO,774
ORD,BDL,1470
ORD,BGM,0
ORD,BHM,681
ORD,BIL,38
ORD,BMI,812
ORD,BNA,1822
ORD,BOI,361
ORD,BOS,2606
ORD,BTR,123
ORD,BTV,384
ORD,BUF,1319
ORD,BWI,1375
ORD,BZN,160
ORD,CAE,579
ORD,CAK,390
ORD,CHA,292
ORD,CHS,481
ORD,CID,1467
ORD,CLE,2256
ORD,CLT,2519
ORD,CMH,1985
ORD,CMI,963
ORD,COS,700
ORD,CPR,0
ORD,CRW,275
ORD,CVG,2052
ORD,CWA,357
ORD,DAB,6
ORD,DAY,880
ORD,DBQ,479
ORD,DCA,2334
ORD,DEN,2520
ORD,DFW,3379
ORD,DSM,1875
ORD,DTW,2807
ORD,EGE,92
ORD,ELP,305
ORD,EVV,682
ORD,EWR,3652
ORD,FAR,482
ORD,FCA,9
ORD,FLL,652
ORD,FNT,494
ORD,FSD,628
ORD,FWA,1045
ORD,GEG,180
ORD,GJT,0
ORD,GPT,11
ORD,GRB,1286
ORD,GRR,1277
ORD,GSO,509
ORD,GSP,775
ORD,HDN,53
ORD,HNL,208
ORD,HPN,1256
ORD,HSV,244
ORD,IAD,1130
ORD,IAH,1914
ORD,ICT,1130
ORD,IND,1640
ORD,JAC,142
ORD,JAN,119
ORD,JAX,628
ORD,JFK,1609
ORD,LAN,500
ORD,LAS,2236
ORD,LAX,3122
ORD,LEX,780
ORD,LGA,4976
ORD,LGB,264
ORD,LIT,823
ORD,LNK,401
ORD,LSE,442
ORD,MBS,471
ORD,MCI,1507
ORD,MCO,1386
ORD,MDT,841
ORD,MEM,1460
ORD,MHT,507
ORD,MIA,1471
ORD,MKE,1156
ORD,MLI,804
ORD,MOB,62
ORD,MQT,196
ORD,MSN,1581
ORD,MSO,39
ORD,MSP,3534
ORD,MSY,480
ORD,MTJ,8
ORD,OAK,325
ORD,OGG,95
ORD,OKC,986
ORD,OMA,1569
ORD,ONT,0
ORD,ORF,763
ORD,PBI,338
ORD,PDX,1339
ORD,PHL,2787
ORD,PHX,2290
ORD,PIA,1081
ORD,PIH,0
ORD,PIT,1558
ORD,PNS,243
ORD,PSP,208
ORD,PVD,973
ORD,PWM,66
ORD,RAP,136
ORD,RDU,1372
ORD,RFD,0
ORD,RIC,835
ORD,RNO,152
ORD,ROA,243
ORD,ROC,1189
ORD,ROW,1
ORD,RST,818
ORD,RSW,276
ORD,SAN,1525
ORD,SAT,741
ORD,SAV,440
ORD,SBN,565
ORD,SDF,955
ORD,SEA,2258
ORD,SFO,2318
ORD,SGF,1043
ORD,SHV,68
ORD,SJC,753
ORD,SJU,639
ORD,SLC,1123
ORD,SMF,592
ORD,SNA,1186
ORD,SPI,449
ORD,STL,1497
ORD,STT,25
ORD,SWF,286
ORD,SYR,886
ORD,TOL,480
ORD,TPA,990
ORD,TUL,841
ORD,TUS,476
ORD,TVC,821
ORD,TYS,694
ORD,VPS,26
ORD,XNA,1040
ORF,ATL,608
ORF,BNA,2
ORF,BOS,94
ORF,BWI,409
ORF,CLE,75
ORF,CLT,457
ORF,CVG,126
ORF,DFW,264
ORF,DTW,448
ORF,EWR,761
ORF,IAD,250
ORF,IAH,247
ORF,JAX,128
ORF,JFK,178
ORF,LAS,35
ORF,MCO,149
ORF,MDW,90
ORF,MIA,49
ORF,MSP,125
ORF,ORD,682
ORF,PHL,118
ORF,TPA,19
OTZ,ANC,131
OTZ,OME,238
OXR,LAX,180
OXR,ONT,0
PBI,ATL,971
PBI,BDL,69
PBI,BOS,444
PBI,BWI,242
PBI,CLE,55
PBI,CLT,537
PBI,CVG,272
PBI,DCA,354
PBI,DEN,13
PBI,DFW,225
PBI,DTW,118
PBI,EWR,1205
PBI,HPN,213
PBI,IAD,113
PBI,IAH,224
PBI,IND,24
PBI,ISP,204
PBI,JFK,1221
PBI,LAS,39
PBI,LGA,624
PBI,MDW,39
PBI,ORD,242
PBI,PHL,631
PBI,PIT,55
PBI,RSW,0
PBI,SWF,79
PBI,TPA,172
PDX,ABQ,45
PDX,ANC,188
PDX,ATL,240
PDX,BOI,291
PDX,BOS,15
PDX,BUR,10
PDX,CLT,18
PDX,CVG,127
PDX,DEN,1064
PDX,DFW,347
PDX,DTW,26
PDX,EUG,142
PDX,EWR,187
PDX,GEG,394
PDX,HNL,188
PDX,IAD,74
PDX,IAH,260
PDX,JFK,206
PDX,LAS,875
PDX,LAX,773
PDX,MCI,38
PDX,MCO,18
PDX,MDW,143
PDX,MFR,240
PDX,MSP,336
PDX,OAK,838
PDX,OGG,101
PDX,ONT,25
PDX,ORD,812
PDX,PHL,117
PDX,PHX,790
PDX,PIH,0
PDX,PSC,0
PDX,PSP,50
PDX,RDM,192
PDX,RNO,280
PDX,SAN,346
PDX,SEA,331
PDX,SFO,908
PDX,SJC,546
PDX,SLC,588
PDX,SMF,773
PDX,SNA,326
PFN,ATL,792
PFN,CVG,5
PFN,MEM,195
PFN,TLH,1
PHF,ATL,879
PHF,BOS,187
PHF,FLL,54
PHF,LGA,260
PHF,MCO,67
PHL,ALB,152
PHL,ATL,2187
PHL,ATW,0
PHL,BDL,347
PHL,BNA,330
PHL,BOS,2610
PHL,BTV,126
PHL,BUF,193
PHL,BWI,275
PHL,CLE,376
PHL,CLT,1624
PHL,CMH,460
PHL,CVG,641
PHL,DCA,256
PHL,DEN,1078
PHL,DFW,1501
PHL,DTW,996
PHL,EGE,4
PHL,FLL,1471
PHL,HOU,217
PHL,IAD,208
PHL,IAH,568
PHL,IND,464
PHL,JAX,713
PHL,JFK,117
PHL,LAS,1398
PHL,LAX,1145
PHL,LGA,0
PHL,MCO,2592
PHL,MDW,766
PHL,MEM,343
PHL,MHT,860
PHL,MIA,995
PHL,MKE,201
PHL,MSP,610
PHL,MSY,520
PHL,MYR,5
PHL,OAK,72
PHL,ORD,2886
PHL,ORF,104
PHL,PBI,847
PHL,PDX,206
PHL,PHX,1214
PHL,PIT,1240
PHL,PVD,1131
PHL,RDU,1134
PHL,RIC,259
PHL,ROC,167
PHL,RSW,570
PHL,SAN,416
PHL,SEA,369
PHL,SFO,886
PHL,SJU,745
PHL,SLC,218
PHL,STL,0
PHL,STT,111
PHL,SYR,252
PHL,TPA,1493
PHX,ABQ,1736
PHX,ANC,177
PHX,ASE,52
PHX,ATL,1239
PHX,AUS,811
PHX,BDL,126
PHX,BFL,309
PHX,BHM,151
PHX,BNA,426
PHX,BOI,277
PHX,BOS,417
PHX,BUF,58
PHX,BUR,1303
PHX,BWI,742
PHX,CLD,87
PHX,CLE,336
PHX,CLT,791
PHX,CMH,310
PHX,COS,383
PHX,CVG,160
PHX,DCA,544
PHX,DEN,2845
PHX,DFW,1852
PHX,DRO,166
PHX,DSM,243
PHX,DTW,1182
PHX,ELP,1361
PHX,EUG,134
PHX,EWR,997
PHX,FAT,386
PHX,FLG,355
PHX,FLL,310
PHX,GEG,256
PHX,GJT,273
PHX,HNL,189
PHX,HOU,507
PHX,IAD,220
PHX,IAH,1058
PHX,ICT,216
PHX,IND,537
PHX,JFK,993
PHX,KOA,99
PHX,LAS,3590
PHX,LAX,3410
PHX,LGB,408
PHX,LIH,111
PHX,LIT,137
PHX,MCI,792
PHX,MCO,377
PHX,MDW,645
PHX,MEM,329
PHX,MFR,109
PHX,MHT,19
PHX,MIA,66
PHX,MKE,263
PHX,MRY,216
PHX,MSP,1229
PHX,MSY,106
PHX,OAK,1182
PHX,OGG,152
PHX,OKC,598
PHX,OMA,694
PHX,ONT,1853
PHX,ORD,2143
PHX,PDX,1152
PHX,PHL,1247
PHX,PIT,389
PHX,PSP,496
PHX,PVD,162
PHX,RDU,315
PHX,RNO,891
PHX,SAN,2506
PHX,SAT,874
PHX,SBA,411
PHX,SBP,279
PHX,SDF,82
PHX,SEA,1828
PHX,SFO,1471
PHX,SJC,1110
PHX,SLC,2070
PHX,SMF,1418
PHX,SNA,1475
PHX,STL,989
PHX,TEX,55
PHX,TPA,289
PHX,TUL,308
PHX,TUS,949
PHX,YUM,484
PIA,ATL,354
PIA,DEN,18
PIA,DFW,169
PIA,DTW,37
PIA,MSP,1
PIA,ORD,911
PIH,SLC,138
PIR,JAX,2
PIR,MSP,2
PIT,ATL,1177
PIT,BOS,388
PIT,BWI,184
PIT,CAE,0
PIT,CLT,631
PIT,CMH,0
PIT,COS,0
PIT,CVG,386
PIT,DCA,131
PIT,DEN,426
PIT,DFW,846
PIT,DSM,0
PIT,DTW,593
PIT,EWR,1018
PIT,FLL,205
PIT,GRR,0
PIT,IAD,484
PIT,IAH,462
PIT,JFK,898
PIT,LAS,414
PIT,LAX,161
PIT,LGA,873
PIT,MCI,61
PIT,MCO,475
PIT,MDW,588
PIT,MEM,255
PIT,MIA,185
PIT,MKE,286
PIT,MSN,0
PIT,MSP,391
PIT,MYR,2
PIT,ORD,1371
PIT,PBI,50
PIT,PHL,1414
PIT,PHX,306
PIT,PVD,1
PIT,PWM,0
PIT,RSW,62
PIT,SAN,5
PIT,SEA,13
PIT,SFO,121
PIT,SJU,16
PIT,SLC,83
PIT,TPA,208
PIT,TYS,0
PLN,DCA,1
PLN,DTW,62
PMD,LAX,0
PMD,SFO,96
PNS,ATL,1250
PNS,CLT,138
PNS,DFW,706
PNS,IAH,218
PNS,JAX,11
PNS,MCN,0
PNS,MCO,2
PNS,MEM,206
PNS,ORD,313
PSC,DEN,210
PSC,GJT,0
PSC,MTJ,0
PSC,OGD,0
PSC,PIH,0
PSC,SLC,299
PSC,TWF,0
PSE,EWR,71
PSE,FLL,15
PSE,JFK,59
PSE,MCO,44
PSG,JNU,94
PSG,WRG,158
PSP,ATL,37
PSP,COS,0
PSP,DEN,384
PSP,DFW,216
PSP,GJT,0
PSP,IAH,69
PSP,LAS,422
PSP,LAX,617
PSP,MSP,41
PSP,OGD,0
PSP,ONT,0
PSP,ORD,274
PSP,PDX,44
PSP,PHX,394
PSP,PIH,0
PSP,SEA,209
PSP,SFO,467
PSP,SLC,233
PVD,ATL,533
PVD,BNA,43
PVD,BOS,1
PVD,BWI,1025
PVD,CLE,132
PVD,CLT,452
PVD,CVG,278
PVD,DCA,147
PVD,DTW,300
PVD,EWR,730
PVD,FLL,12
PVD,IAD,81
PVD,JFK,74
PVD,LAS,67
PVD,MCO,378
PVD,MDW,316
PVD,MSP,79
PVD,ORD,845
PVD,PHL,1184
PVD,PHX,103
PVD,TPA,206
PWM,ATL,456
PWM,BGR,0
PWM,BWI,115
PWM,CLE,46
PWM,CLT,71
PWM,CVG,149
PWM,DTW,211
PWM,EWR,521
PWM,IAD,140
PWM,JFK,604
PWM,LGA,229
PWM,MCO,2
PWM,MSP,30
PWM,ORD,90
RAP,COS,0
RAP,DEN,552
RAP,GRB,0
RAP,MSP,275
RAP,ORD,133
RAP,PIH,0
RAP,SLC,147
RAP,TWF,0
RDD,FAT,0
RDD,SFO,485
RDD,SJC,0
RDM,DEN,6
RDM,PDX,319
RDM,SFO,341
RDM,SJC,0
RDM,SLC,145
RDM,SMF,0
RDU,ATL,1056
RDU,AUS,185
RDU,BDL,378
RDU,BHM,64
RDU,BNA,432
RDU,BOS,1067
RDU,BWI,482
RDU,CHS,1
RDU,CLE,173
RDU,CLT,827
RDU,CMH,239
RDU,CVG,413
RDU,DCA,548
RDU,DEN,86
RDU,DFW,635
RDU,DTW,321
RDU,EWR,1728
RDU,GRB,0
RDU,GRR,0
RDU,IAD,524
RDU,IAH,432
RDU,IND,126
RDU,JAX,209
RDU,JFK,1511
RDU,LAS,98
RDU,LAX,129
RDU,LGA,1837
RDU,MCI,239
RDU,MCO,360
RDU,MDW,279
RDU,MEM,199
RDU,MIA,413
RDU,MKE,218
RDU,MSN,0
RDU,MSP,227
RDU,MSY,55
RDU,ORD,1163
RDU,PHL,1184
RDU,PHX,290
RDU,SAT,32
RDU,SDF,157
RDU,SLC,60
RDU,STL,91
RDU,TPA,198
RDU,XNA,15
RFD,COS,0
RFD,DEN,137
RFD,GJT,0
RHI,MSP,59
RIC,ATL,1053
RIC,BOS,101
RIC,BUF,0
RIC,BWI,0
RIC,CLE,343
RIC,CLT,347
RIC,CVG,123
RIC,DCA,0
RIC,DFW,291
RIC,DTW,317
RIC,EWR,567
RIC,FLL,20
RIC,IAH,188
RIC,JFK,747
RIC,LGA,383
RIC,MCO,22
RIC,MEM,71
RIC,MIA,181
RIC,MSP,118
RIC,ORD,667
RIC,PHL,219
RIC,RDU,1
RNO,ATL,51
RNO,BOI,237
RNO,DEN,302
RNO,DFW,281
RNO,GEG,15
RNO,IAH,134
RNO,LAS,1296
RNO,LAX,776
RNO,LGB,8
RNO,MDW,34
RNO,OAK,317
RNO,ONT,15
RNO,ORD,181
RNO,PDX,326
RNO,PHX,732
RNO,SAN,68
RNO,SEA,358
RNO,SFO,692
RNO,SJC,374
RNO,SLC,316
RNO,SNA,28
RNO,TUS,4
ROA,ATL,519
ROA,CVG,72
ROA,DTW,145
ROA,IAD,88
ROA,ORD,295
ROC,ATL,801
ROC,BOS,3
ROC,BWI,205
ROC,CLE,382
ROC,CLT,127
ROC,CVG,305
ROC,DFW,104
ROC,DTW,376
ROC,EWR,604
ROC,FLL,15
ROC,IAD,116
ROC,JFK,1086
ROC,LAS,11
ROC,MCO,109
ROC,MSP,88
ROC,ORD,1104
ROC,PHL,98
ROC,SYR,1
ROC,TPA,50
ROW,DFW,63
RST,DTW,73
RST,MSP,314
RST,ORD,798
RSW,ATL,792
RSW,BDL,31
RSW,BOS,473
RSW,BTV,0
RSW,BWI,255
RSW,CAK,14
RSW,CLE,99
RSW,CLT,473
RSW,CMH,97
RSW,CVG,168
RSW,DCA,249
RSW,DEN,79
RSW,DFW,204
RSW,DTW,282
RSW,EWR,822
RSW,FNT,95
RSW,HPN,57
RSW,IAH,156
RSW,IND,300
RSW,ISP,137
RSW,JFK,890
RSW,LGA,58
RSW,MCO,207
RSW,MDW,345
RSW,MEM,30
RSW,MIA,1
RSW,MKE,10
RSW,MSP,250
RSW,ORD,336
RSW,PHL,471
RSW,PIT,67
RSW,STL,70
SAN,ABQ,273
SAN,ATL,470
SAN,AUS,170
SAN,BFL,62
SAN,BNA,189
SAN,BOI,80
SAN,BOS,116
SAN,BWI,138
SAN,CLE,48
SAN,CLT,219
SAN,COS,129
SAN,CVG,97
SAN,DEN,1212
SAN,DFW,966
SAN,DTW,184
SAN,ELP,123
SAN,EWR,381
SAN,FAT,92
SAN,GEG,75
SAN,HNL,90
SAN,HOU,64
SAN,IAD,390
SAN,IAH,424
SAN,JFK,701
SAN,LAS,1691
SAN,LAX,2151
SAN,MCI,198
SAN,MCO,13
SAN,MDW,386
SAN,MRY,129
SAN,MSP,390
SAN,OAK,1534
SAN,OGG,115
SAN,OKC,115
SAN,OMA,144
SAN,ONT,0
SAN,ORD,1183
SAN,PDX,303
SAN,PHL,356
SAN,PHX,2122
SAN,PIT,0
SAN,PSP,0
SAN,RNO,100
SAN,SAT,92
SAN,SBA,31
SAN,SEA,1024
SAN,SFO,1729
SAN,SJC,1464
SAN,SLC,345
SAN,SMF,1255
SAN,STL,133
SAN,TUL,121
SAN,TUS,258
SAT,ABQ,49
SAT,ATL,674
SAT,AUS,0
SAT,BNA,172
SAT,BWI,106
SAT,CLE,39
SAT,COS,0
SAT,CVG,313
SAT,DAL,1429
SAT,DEN,498
SAT,DFW,1382
SAT,DTW,255
SAT,ELP,380
SAT,EWR,386
SAT,GSO,0
SAT,HOU,744
SAT,HRL,180
SAT,IAD,81
SAT,IAH,780
SAT,LAS,355
SAT,LAX,425
SAT,MCI,211
SAT,MCO,124
SAT,MDW,177
SAT,MEM,265
SAT,MSP,201
SAT,MSY,75
SAT,OKC,70
SAT,ONT,90
SAT,ORD,571
SAT,PHX,568
SAT,PVU,0
SAT,RDU,75
SAT,SAN,91
SAT,SFO,59
SAT,SLC,227
SAT,SMF,82
SAT,STL,116
SAT,TPA,70
SAT,TUL,66
SAT,TUS,49
SAV,ATL,973
SAV,BOS,112
SAV,CLT,351
SAV,CVG,220
SAV,DCA,3
SAV,DFW,252
SAV,DTW,121
SAV,EWR,376
SAV,HHH,0
SAV,IAD,384
SAV,IAH,209
SAV,JAX,2
SAV,LGA,408
SAV,MCO,1
SAV,MEM,20
SAV,MSP,8
SAV,ORD,349
SBA,DEN,201
SBA,DFW,109
SBA,DRO,0
SBA,IDA,0
SBA,LAS,126
SBA,LAX,889
SBA,MOD,0
SBA,MRY,0
SBA,PHX,346
SBA,SAN,24
SBA,SFO,915
SBA,SJC,155
SBA,SLC,125
SBA,SMF,39
SBA,TWF,0
SBN,ATL,487
SBN,CVG,17
SBN,DTW,411
SBN,MSP,129
SBN,ORD,564
SBP,LAS,70
SBP,LAX,431
SBP,PHX,168
SBP,SFO,491
SBP,SJC,0
SBP,SLC,54
SBP,SMX,0
SCC,ANC,93
SCC,BRW,107
SCE,ATL,85
SCE,CVG,23
SCE,DTW,39
SDF,ATL,740
SDF,BHM,182
SDF,BOS,41
SDF,BWI,389
SDF,CLE,224
SDF,CLT,9
SDF,CVG,96
SDF,DEN,37
SDF,DFW,590
SDF,DTW,334
SDF,EWR,428
SDF,FWA,0
SDF,IAH,119
SDF,JAX,0
SDF,JFK,1
SDF,LAS,82
SDF,LAX,1
SDF,LGA,95
SDF,MCI,60
SDF,MCO,129
SDF,MDW,378
SDF,MEM,146
SDF,MIA,128
SDF,MSP,242
SDF,ORD,915
SDF,PHX,20
SDF,RDU,159
SDF,SLC,1
SDF,STL,185
SDF,TPA,73
SEA,ABQ,139
SEA,ANC,2742
SEA,ATL,777
SEA,AUS,94
SEA,BNA,96
SEA,BOI,380
SEA,BOS,327
SEA,BUR,446
SEA,BWI,74
SEA,CLE,42
SEA,CLT,191
SEA,CVG,251
SEA,DCA,218
SEA,DEN,1925
SEA,DFW,1454
SEA,DTW,346
SEA,EUG,0
SEA,EWR,684
SEA,FAI,440
SEA,GEG,1268
SEA,HNL,531
SEA,IAD,364
SEA,IAH,550
SEA,IND,35
SEA,JFK,779
SEA,JNU,538
SEA,KTN,542
SEA,LAS,1722
SEA,LAX,2169
SEA,LGB,475
SEA,LIH,19
SEA,MCI,159
SEA,MCO,215
SEA,MDW,369
SEA,MEM,119
SEA,MIA,150
SEA,MSP,697
SEA,MSY,1
SEA,OAK,1649
SEA,OGD,0
SEA,OGG,249
SEA,ONT,526
SEA,ORD,1847
SEA,PDX,332
SEA,PHL,299
SEA,PHX,1495
SEA,PIT,5
SEA,PSP,183
SEA,RNO,402
SEA,SAN,934
SEA,SFO,1973
SEA,SIT,40
SEA,SJC,1085
SEA,SLC,1095
SEA,SMF,1191
SEA,SNA,705
SEA,STL,189
SEA,TUS,51
SEA,TWF,0
SFO,ABQ,274
SFO,ACV,1016
SFO,ANC,75
SFO,ASE,23
SFO,ATL,1016
SFO,AUS,109
SFO,BFL,279
SFO,BIL,6
SFO,BOI,706
SFO,BOS,880
SFO,BUR,574
SFO,BWI,210
SFO,BZN,9
SFO,CEC,299
SFO,CIC,471
SFO,CLE,106
SFO,CLT,537
SFO,COS,203
SFO,CVG,276
SFO,DEN,1618
SFO,DFW,1363
SFO,DTW,233
SFO,ELP,0
SFO,EUG,803
SFO,EWR,1219
SFO,FAT,1019
SFO,HNL,867
SFO,IAD,874
SFO,IAH,683
SFO,IND,57
SFO,JFK,2484
SFO,KOA,193
SFO,LAS,2080
SFO,LAX,3638
SFO,LIH,146
SFO,MCO,151
SFO,MDW,81
SFO,MEM,53
SFO,MFR,1116
SFO,MIA,339
SFO,MOD,508
SFO,MRY,644
SFO,MSP,496
SFO,MSY,1
SFO,OAK,0
SFO,OGG,235
SFO,ONT,403
SFO,ORD,2055
SFO,PDX,1160
SFO,PHL,917
SFO,PHX,1174
SFO,PIH,0
SFO,PIT,145
SFO,PMD,64
SFO,PSP,623
SFO,RDD,651
SFO,RDM,383
SFO,RNO,694
SFO,SAN,1576
SFO,SAT,142
SFO,SBA,956
SFO,SBP,524
SFO,SEA,1842
SFO,SLC,1443
SFO,SMF,797
SFO,SMX,0
SFO,SNA,1027
SFO,STL,199
SFO,TUS,113
SFO,TWF,0
SGF,ATL,287
SGF,COS,0
SGF,CVG,64
SGF,DEN,331
SGF,DFW,1009
SGF,DTW,87
SGF,MCI,0
SGF,MEM,201
SGF,MSP,74
SGF,MTJ,0
SGF,ORD,948
SGF,RFD,0
SGF,SPI,0
SGF,STL,58
SGU,LAX,180
SGU,PIH,0
SGU,PVU,0
SGU,SLC,499
SGU,TWF,0
SHV,ATL,710
SHV,CVG,18
SHV,DFW,892
SHV,DTW,107
SHV,IAH,252
SHV,MEM,222
SHV,ORD,75
SIT,JNU,154
SIT,KTN,105
SIT,SEA,72
SJC,ATL,152
SJC,AUS,239
SJC,BOS,57
SJC,BUR,662
SJC,DEN,708
SJC,DFW,540
SJC,EWR,45
SJC,GJT,0
SJC,HNL,83
SJC,IAD,60
SJC,IAH,178
SJC,JFK,194
SJC,LAS,1017
SJC,LAX,2798
SJC,MDW,80
SJC,MSP,162
SJC,ONT,831
SJC,ORD,543
SJC,PDX,634
SJC,PHX,906
SJC,PIH,0
SJC,RNO,459
SJC,SAN,1544
SJC,SBA,164
SJC,SEA,902
SJC,SFO,0
SJC,SLC,220
SJC,SMX,0
SJC,SNA,1048
SJT,DFW,433
SJU,ATL,229
SJU,BDL,83
SJU,BOS,353
SJU,BWI,99
SJU,CLE,14
SJU,CLT,324
SJU,CVG,5
SJU,DFW,223
SJU,DTW,54
SJU,EWR,525
SJU,FLL,220
SJU,IAD,317
SJU,IAH,148
SJU,JFK,1488
SJU,LAX,72
SJU,MCO,704
SJU,MEM,17
SJU,MIA,828
SJU,MSP,13
SJU,ORD,502
SJU,PHL,574
SJU,PIT,20
SJU,STT,80
SJU,TPA,175
SLC,ABI,0
SLC,ABQ,591
SLC,AMA,0
SLC,ANC,156
SLC,ASE,262
SLC,ATL,685
SLC,AUS,315
SLC,BFL,107
SLC,BHM,88
SLC,BIL,529
SLC,BLI,136
SLC,BNA,112
SLC,BOI,1079
SLC,BOS,222
SLC,BTM,179
SLC,BUR,397
SLC,BWI,123
SLC,BZN,701
SLC,CDC,0
SLC,CLE,93
SLC,CLT,72
SLC,CMH,77
SLC,COD,167
SLC,COS,374
SLC,CPR,245
SLC,CVG,336
SLC,CYS,0
SLC,DCA,56
SLC,DEN,2303
SLC,DFW,963
SLC,DRO,102
SLC,DSM,60
SLC,DTW,74
SLC,EAU,0
SLC,EKO,250
SLC,ELP,96
SLC,EUG,181
SLC,EWR,377
SLC,FAI,22
SLC,FAR,133
SLC,FAT,310
SLC,FCA,527
SLC,FLL,98
SLC,FSD,75
SLC,GEG,593
SLC,GJT,309
SLC,GRR,0
SLC,GTF,287
SLC,HDN,150
SLC,HLN,333
SLC,HNL,55
SLC,HOU,0
SLC,HSV,0
SLC,IAD,97
SLC,IAH,744
SLC,ICT,0
SLC,IDA,414
SLC,JAC,498
SLC,JFK,466
SLC,KOA,3
SLC,LAS,1516
SLC,LAX,1504
SLC,LBB,0
SLC,LGA,5
SLC,LGB,525
SLC,LIT,71
SLC,LNK,0
SLC,LWS,143
SLC,MCI,346
SLC,MCO,174
SLC,MDW,171
SLC,MEM,175
SLC,MFR,177
SLC,MKE,129
SLC,MRY,103
SLC,MSN,0
SLC,MSO,491
SLC,MSP,776
SLC,MSY,128
SLC,MTJ,88
SLC,OAK,1076
SLC,OGG,36
SLC,OKC,302
SLC,OMA,186
SLC,ONT,473
SLC,ORD,897
SLC,PDX,888
SLC,PHL,200
SLC,PHX,1879
SLC,PIH,245
SLC,PIT,65
SLC,PSC,456
SLC,PSP,266
SLC,RAP,219
SLC,RDM,179
SLC,RDU,87
SLC,RNO,456
SLC,SAN,533
SLC,SAT,313
SLC,SBA,121
SLC,SBP,93
SLC,SDF,2
SLC,SEA,1049
SLC,SFO,1471
SLC,SGF,0
SLC,SGU,580
SLC,SHV,0
SLC,SJC,312
SLC,SLE,155
SLC,SMF,455
SLC,SNA,346
SLC,STL,475
SLC,SUN,551
SLC,SUX,0
SLC,TPA,67
SLC,TUL,208
SLC,TUS,426
SLC,TWF,386
SLC,WYS,78
SLC,XNA,112
SLC,YKM,127
SLC,YUM,15
SLE,BOI,0
SLE,SLC,62
SMF,ABQ,78
SMF,ACV,269
SMF,ATL,243
SMF,AUS,0
SMF,BFL,24
SMF,BUR,925
SMF,CEC,0
SMF,COS,114
SMF,CVG,1
SMF,DEN,735
SMF,DFW,407
SMF,FAT,0
SMF,GEG,91
SMF,HNL,123
SMF,IAD,65
SMF,IAH,221
SMF,IDA,0
SMF,JFK,104
SMF,LAS,1150
SMF,LAX,2025
SMF,LGB,104
SMF,MCI,21
SMF,MDW,173
SMF,MSP,199
SMF,OGG,30
SMF,OKC,45
SMF,ONT,1047
SMF,ORD,412
SMF,PDX,854
SMF,PHX,1115
SMF,RDD,0
SMF,RNO,0
SMF,SAN,1389
SMF,SAT,86
SMF,SBA,31
SMF,SEA,1134
SMF,SFO,841
SMF,SLC,397
SMF,SNA,666
SMF,TUL,54
SMF,TUS,101
SMX,LAX,390
SNA,ATL,307
SNA,AUS,24
SNA,BFL,0
SNA,CVG,92
SNA,DEN,955
SNA,DFW,1109
SNA,EWR,262
SNA,GJT,0
SNA,HNL,70
SNA,IAH,381
SNA,KOA,81
SNA,LAS,1101
SNA,LAX,357
SNA,MDW,54
SNA,MSP,133
SNA,OAK,1349
SNA,OGG,61
SNA,ORD,924
SNA,PDX,334
SNA,PHX,1861
SNA,RNO,78
SNA,SEA,792
SNA,SFO,1077
SNA,SJC,1288
SNA,SLC,305
SNA,SMF,752
SNA,STL,59
SOP,ATL,107
SPI,IAD,105
SPI,ORD,431
SPS,DFW,456
SRQ,ATL,676
SRQ,BOS,3
SRQ,BWI,50
SRQ,CLE,31
SRQ,CLT,161
SRQ,CVG,112
SRQ,DCA,7
SRQ,DTW,66
SRQ,EWR,199
SRQ,IAH,29
SRQ,IND,62
SRQ,JFK,246
SRQ,MDW,119
SRQ,MIA,1
SRQ,STL,8
STL,ABQ,50
STL,ATL,760
STL,AUS,51
STL,BHM,155
STL,BNA,46
STL,BOS,269
STL,BWI,455
STL,CID,1
STL,CLE,440
STL,CLT,322
STL,CMH,179
STL,CVG,182
STL,DAL,842
STL,DCA,374
STL,DEN,552
STL,DFW,909
STL,DTW,803
STL,EWR,668
STL,FLL,223
STL,GJT,0
STL,HOU,467
STL,IAH,278
STL,JFK,223
STL,LAS,205
STL,LAX,500
STL,LGA,624
STL,LIT,292
STL,MCI,535
STL,MCO,473
STL,MDW,1078
STL,MEM,222
STL,MIA,164
STL,MSP,515
STL,MSY,35
STL,OKC,240
STL,OMA,399
STL,ORD,1269
STL,PHX,820
STL,RDU,135
STL,RSW,67
STL,SAN,58
STL,SAT,102
STL,SDF,305
STL,SEA,196
STL,SFO,250
STL,SGF,91
STL,SLC,472
STL,SNA,69
STL,SRQ,4
STL,TPA,271
STL,TUL,216
STT,ATL,115
STT,BOS,23
STT,CLT,150
STT,EWR,74
STT,JFK,130
STT,LGA,5
STT,MIA,173
STT,PHL,132
STT,SJU,187
STX,ATL,45
STX,CLT,16
STX,MIA,113
SUN,PIH,0
SUN,SLC,493
SUN,TWF,0
SUX,MSP,96
SWF,ATL,725
SWF,DTW,213
SWF,FLL,214
SWF,JFK,0
SWF,MCO,226
SWF,ORD,227
SWF,PBI,64
SWF,TPA,67
SYR,ATL,653
SYR,CLE,340
SYR,CLT,253
SYR,CVG,326
SYR,DCA,132
SYR,DFW,162
SYR,DTW,379
SYR,EWR,576
SYR,FLL,9
SYR,HPN,1
SYR,IAD,77
SYR,JFK,680
SYR,MCO,76
SYR,ORD,864
SYR,PHL,199
SYR,TPA,0
TEX,PHX,68
TLH,ATL,721
TLH,CLT,5
TLH,IAH,149
TLH,JAX,0
TLH,MCO,28
TLH,MEM,186
TOL,ATL,205
TOL,ORD,376
TPA,ABQ,100
TPA,ALB,57
TPA,ATL,1344
TPA,AUS,22
TPA,BDL,269
TPA,BHM,158
TPA,BNA,363
TPA,BOS,391
TPA,BUF,94
TPA,BWI,766
TPA,CAK,35
TPA,CLE,117
TPA,CLT,945
TPA,CMH,175
TPA,CVG,155
TPA,DAY,16
TPA,DCA,432
TPA,DEN,433
TPA,DFW,778
TPA,DTW,404
TPA,EWR,1225
TPA,FLL,821
TPA,FNT,76
TPA,GPT,61
TPA,GRR,1
TPA,GSO,0
TPA,HOU,224
TPA,HPN,30
TPA,IAD,515
TPA,IAH,373
TPA,IND,306
TPA,ISP,233
TPA,JAX,244
TPA,JFK,1077
TPA,LAS,195
TPA,LAX,169
TPA,LGA,579
TPA,MCI,117
TPA,MCO,2
TPA,MDW,486
TPA,MEM,157
TPA,MHT,215
TPA,MIA,467
TPA,MKE,87
TPA,MSP,281
TPA,MSY,263
TPA,ORD,895
TPA,ORF,57
TPA,PBI,365
TPA,PHL,1202
TPA,PHX,437
TPA,PIT,145
TPA,PVD,161
TPA,RDU,265
TPA,ROC,122
TPA,SAT,114
TPA,SDF,126
TPA,SJU,97
TPA,SLC,62
TPA,STL,347
TPA,SWF,79
TPA,TYS,2
TRI,ATL,407
TRI,CLT,2
TRI,CVG,4
TRI,MCO,8
TRI,TYS,0
TTN,ATL,37
TTN,BOS,176
TTN,JFK,1
TTN,LGA,0
TUL,ABQ,55
TUL,ATL,661
TUL,AUS,40
TUL,CVG,178
TUL,DAL,500
TUL,DEN,361
TUL,DFW,942
TUL,DTW,240
TUL,EWR,43
TUL,FWA,0
TUL,GJT,0
TUL,HOU,372
TUL,IAH,458
TUL,LAS,45
TUL,MCI,289
TUL,MEM,305
TUL,MSP,203
TUL,ONT,23
TUL,ORD,691
TUL,PHX,136
TUL,PIA,0
TUL,PVU,0
TUL,RFD,0
TUL,SAN,38
TUL,SAT,61
TUL,SLC,236
TUL,SMF,23
TUL,STL,162
TUP,ATL,117
TUS,ABQ,145
TUS,ATL,181
TUS,AUS,115
TUS,DEN,414
TUS,DFW,685
TUS,ELP,25
TUS,EWR,188
TUS,GEG,6
TUS,IAD,22
TUS,IAH,351
TUS,JFK,131
TUS,LAS,609
TUS,LAX,768
TUS,MCI,83
TUS,MDW,99
TUS,MSP,88
TUS,OAK,0
TUS,OMA,11
TUS,ONT,99
TUS,ORD,412
TUS,PHX,850
TUS,PSP,0
TUS,RNO,21
TUS,SAN,176
TUS,SAT,64
TUS,SEA,105
TUS,SFO,37
TUS,SLC,369
TUS,SMF,99
TVC,ATL,2
TVC,CVG,36
TVC,DTW,357
TVC,LGA,15
TVC,MQT,0
TVC,MSP,81
TVC,ORD,698
TWF,BOI,0
TWF,SLC,250
TXK,DFW,270
TYR,DFW,361
TYS,ATL,567
TYS,AUS,1
TYS,CLE,125
TYS,CVG,188
TYS,DEN,56
TYS,DFW,493
TYS,DTW,305
TYS,EWR,222
TYS,IAH,263
TYS,JAN,1
TYS,LGA,152
TYS,MCI,1
TYS,MCO,8
TYS,MEM,326
TYS,MSP,100
TYS,ORD,632
TYS,TPA,0
VLD,ATL,318
VPS,ATL,861
VPS,CVG,3
VPS,DFW,585
VPS,IAH,180
VPS,LGA,4
VPS,MEM,305
VPS,ORD,42
WRG,KTN,132
WRG,PSG,73
WYS,SLC,25
XNA,ATL,665
XNA,BHM,0
XNA,COS,0
XNA,CYS,0
XNA,DCA,11
XNA,DEN,173
XNA,DFW,784
XNA,DTW,92
XNA,EWR,247
XNA,IAH,350
XNA,LAX,140
XNA,LGA,301
XNA,MEM,203
XNA,MIA,42
XNA,MSP,132
XNA,ORD,865
XNA,RDU,22
XNA,SLC,70
YAK,CDV,124
YAK,JNU,85
YKM,SLC,194
YUM,IPL,131
YUM,LAS,46
YUM,LAX,260
YUM,PHX,399
YUM,PSP,0
YUM,SLC,12
