Origin,Dest
ABE,ATL
ABE,BWI
ABE,CLE
ABE,CLT
ABE,CVG
ABE,DTW
ABE,JFK
ABE,LGA
ABE,ORD
ABI,DFW
ABQ,AMA
ABQ,ATL
ABQ,AUS
ABQ,BWI
ABQ,CLE
ABQ,CVG
ABQ,DAL
ABQ,DEN
ABQ,DFW
ABQ,ELP
ABQ,EWR
ABQ,GJT
ABQ,HOU
ABQ,IAD
ABQ,IAH
ABQ,LAS
ABQ,LAX
ABQ,LBB
ABQ,MAF
ABQ,MCI
ABQ,MCO
ABQ,MDW
ABQ,MSP
ABQ,OAK
ABQ,OKC
ABQ,ONT
ABQ,ORD
ABQ,PDX
ABQ,PHX
ABQ,SAN
ABQ,SAT
ABQ,SEA
ABQ,SFO
ABQ,SLC
ABQ,SMF
ABQ,STL
ABQ,TPA
ABQ,TUL
ABQ,TUS
ABY,ATL
ACK,EWR
ACK,JFK
ACT,DFW
ACV,CEC
ACV,SFO
ACV,SMF
ACY,ATL
ACY,BOS
ACY,BWI
ACY,JFK
ACY,LGA
ACY,MCO
ACY,MYR
ADK,AKN
ADK,ANC
ADQ,ANC
AEX,ATL
AEX,DFW
AEX,IAH
AGS,ATL
AGS,CLT
AGS,LGA
AKN,ADK
AKN,ANC
AKN,DLG
ALB,ATL
ALB,BWI
ALB,CLE
ALB,CLT
ALB,CVG
ALB,DCA
ALB,DTW
ALB,EWR
ALB,JFK
ALB,LAS
ALB,LGA
ALB,MCO
ALB,MDW
ALB,MSP
ALB,ORD
ALB,PHL
ALB,TPA
ALO,MSP
AMA,ABQ
AMA,DAL
AMA,DEN
AMA,DFW
AMA,IAH
AMA,LAS
ANC,ADK
ANC,ADQ
ANC,AKN
ANC,ATL
ANC,BET
ANC,CDV
ANC,CVG
ANC,DEN
ANC,DFW
ANC,DLG
ANC,DTW
ANC,FAI
ANC,HNL
ANC,IAH
ANC,JNU
ANC,KOA
ANC,LAS
ANC,LAX
ANC,MSP
ANC,OGG
ANC,OME
ANC,ORD
ANC,OTZ
ANC,PDX
ANC,PHX
ANC,SCC
ANC,SEA
ANC,SFO
ANC,SLC
APF,ATL
ASE,DEN
ASE,LAX
ASE,ORD
ASE,PHX
ASE,SFO
ASE,SLC
ATL,ABE
ATL,ABQ
ATL,ABY
ATL,ACY
ATL,AEX
ATL,AGS
ATL,ALB
ATL,ANC
ATL,APF
ATL,ATW
ATL,AUS
ATL,AVL
ATL,AVP
ATL,AZO
ATL,BDL
ATL,BGM
ATL,BGR
ATL,BHM
ATL,BMI
ATL,BNA
ATL,BOI
ATL,BOS
ATL,BQK
ATL,BQN
ATL,BTR
ATL,BTV
ATL,BUF
ATL,BWI
ATL,BZN
ATL,CAE
ATL,CAK
ATL,CHA
ATL,CHO
ATL,CHS
ATL,CID
ATL,CLE
ATL,CLT
ATL,CMH
ATL,COS
ATL,CRP
ATL,CRW
ATL,CSG
ATL,CVG
ATL,DAB
ATL,DAY
ATL,DCA
ATL,DEN
ATL,DFW
ATL,DHN
ATL,DSM
ATL,DTW
ATL,EGE
ATL,ELP
ATL,ERI
ATL,EVV
ATL,EWN
ATL,EWR
ATL,EYW
ATL,FAY
ATL,FCA
ATL,FLL
ATL,FLO
ATL,FNT
ATL,FSD
ATL,FSM
ATL,FWA
ATL,GNV
ATL,GPT
ATL,GRB
ATL,GRK
ATL,GRR
ATL,GSO
ATL,GSP
ATL,GTR
ATL,HDN
ATL,HHH
ATL,HNL
ATL,HOU
ATL,HPN
ATL,HSV
ATL,HTS
ATL,IAD
ATL,IAH
ATL,ICT
ATL,ILG
ATL,ILM
ATL,IND
ATL,ISO
ATL,ISP
ATL,JAC
ATL,JAN
ATL,JAX
ATL,JFK
ATL,LAN
ATL,LAS
ATL,LAX
ATL,LEX
ATL,LFT
ATL,LGA
ATL,LIT
ATL,LWB
ATL,LYH
ATL,MCI
ATL,MCN
ATL,MCO
ATL,MDT
ATL,MDW
ATL,MEI
ATL,MEM
ATL,MFE
ATL,MGM
ATL,MHT
ATL,MIA
ATL,MKE
ATL,MLB
ATL,MLI
ATL,MLU
ATL,MOB
ATL,MSN
ATL,MSP
ATL,MSY
ATL,MTH
ATL,MTJ
ATL,MYR
ATL,OAJ
ATL,OAK
ATL,OGG
ATL,OKC
ATL,OMA
ATL,ONT
ATL,ORD
ATL,ORF
ATL,PBI
ATL,PDX
ATL,PFN
ATL,PHF
ATL,PHL
ATL,PHX
ATL,PIA
ATL,PIT
ATL,PNS
ATL,PSE
ATL,PSP
ATL,PVD
ATL,PWM
ATL,RDU
ATL,RIC
ATL,RNO
ATL,ROA
ATL,ROC
ATL,RSW
ATL,SAN
ATL,SAT
ATL,SAV
ATL,SBN
ATL,SCE
ATL,SDF
ATL,SEA
ATL,SFO
ATL,SGF
ATL,SHV
ATL,SJC
ATL,SJU
ATL,SLC
ATL,SMF
ATL,SNA
ATL,SOP
ATL,SRQ
ATL,STL
ATL,STT
ATL,STX
ATL,SWF
ATL,SYR
ATL,TLH
ATL,TOL
ATL,TPA
ATL,TRI
ATL,TTN
ATL,TUL
ATL,TUP
ATL,TUS
ATL,TVC
ATL,TYS
ATL,VLD
ATL,VPS
ATL,XNA
ATW,ATL
ATW,CVG
ATW,DTW
ATW,MKE
ATW,MSP
ATW,ORD
AUS,ABQ
AUS,ATL
AUS,BHM
AUS,BNA
AUS,BOS
AUS,BTR
AUS,BWI
AUS,CID
AUS,CLE
AUS,COS
AUS,CRP
AUS,CVG
AUS,DAL
AUS,DEN
AUS,DFW
AUS,DTW
AUS,ELP
AUS,EWR
AUS,GJT
AUS,GPT
AUS,HOU
AUS,HRL
AUS,IAD
AUS,IAH
AUS,IND
AUS,JAX
AUS,JFK
AUS,LAS
AUS,LAX
AUS,LBB
AUS,MAF
AUS,MCI
AUS,MCN
AUS,MCO
AUS,MDW
AUS,MEM
AUS,MSP
AUS,MSY
AUS,OKC
AUS,ONT
AUS,ORD
AUS,PHX
AUS,PIA
AUS,PWM
AUS,RDU
AUS,RFD
AUS,SAN
AUS,SAT
AUS,SEA
AUS,SFO
AUS,SJC
AUS,SLC
AUS,SNA
AUS,STL
AUS,TPA
AUS,TUL
AUS,TUS
AVL,ATL
AVL,CVG
AVL,DTW
AVL,EWR
AVL,IAH
AVL,MSP
AVP,ATL
AVP,BUF
AVP,CVG
AVP,DTW
AVP,HPN
AVP,JFK
AVP,LGA
AVP,ORD
AVP,PHL
AZO,ATL
AZO,CVG
AZO,DTW
AZO,MKE
AZO,MSP
AZO,ORD
BDL,ATL
BDL,BNA
BDL,BOS
BDL,BWI
BDL,CLE
BDL,CLT
BDL,CVG
BDL,DCA
BDL,DEN
BDL,DFW
BDL,DTW
BDL,EWR
BDL,FLL
BDL,GRR
BDL,IAD
BDL,IAH
BDL,IND
BDL,JFK
BDL,LAS
BDL,LAX
BDL,MCO
BDL,MDW
BDL,MIA
BDL,MKE
BDL,MSP
BDL,ORD
BDL,PBI
BDL,PHL
BDL,PHX
BDL,RDU
BDL,RSW
BDL,SJU
BDL,TPA
BET,ANC
BFL,DEN
BFL,IAH
BFL,LAS
BFL,LAX
BFL,PHX
BFL,SAN
BFL,SFO
BFL,SLC
BFL,SMF
BGM,ATL
BGM,DTW
BGM,JFK
BGR,ATL
BGR,BOS
BGR,CVG
BGR,DTW
BGR,EWR
BGR,LGA
BGR,MSP
BHM,ATL
BHM,AUS
BHM,BNA
BHM,BWI
BHM,CLT
BHM,CVG
BHM,DAL
BHM,DEN
BHM,DFW
BHM,DTW
BHM,EWR
BHM,HOU
BHM,IAD
BHM,IAH
BHM,JAX
BHM,LAS
BHM,LGA
BHM,MCO
BHM,MDW
BHM,MEM
BHM,MSY
BHM,OKC
BHM,ORD
BHM,PHX
BHM,RDU
BHM,SDF
BHM,SLC
BHM,STL
BHM,TPA
BIL,DEN
BIL,IDA
BIL,MSP
BIL,ORD
BIL,PIH
BIL,SFO
BIL,SLC
BIS,DEN
BIS,MSP
BIS,SLC
BJI,MSP
BLI,SEA
BLI,SLC
BLI,TWF
BMI,ATL
BMI,LAS
BMI,MCO
BMI,ORD
BNA,ATL
BNA,AUS
BNA,BDL
BNA,BHM
BNA,BOS
BNA,BWI
BNA,CLE
BNA,CLT
BNA,CMH
BNA,CVG
BNA,DCA
BNA,DEN
BNA,DFW
BNA,DTW
BNA,EWR
BNA,FLL
BNA,HOU
BNA,IAD
BNA,IAH
BNA,ICT
BNA,JAX
BNA,JFK
BNA,LAS
BNA,LAX
BNA,LGA
BNA,MCI
BNA,MCO
BNA,MDW
BNA,MEM
BNA,MIA
BNA,MSP
BNA,MSY
BNA,OAK
BNA,ONT
BNA,ORD
BNA,ORF
BNA,PHL
BNA,PHX
BNA,PVD
BNA,RDU
BNA,SAN
BNA,SAT
BNA,SEA
BNA,SLC
BNA,STL
BNA,TPA
BOI,ATL
BOI,CID
BOI,COS
BOI,DEN
BOI,FSD
BOI,GEG
BOI,GJT
BOI,LAS
BOI,LAX
BOI,MLI
BOI,MSP
BOI,OAK
BOI,ONT
BOI,ORD
BOI,PDX
BOI,PHX
BOI,RNO
BOI,SAN
BOI,SEA
BOI,SFO
BOI,SLC
BOI,TVC
BOI,TWF
BOS,ATL
BOS,AUS
BOS,BGR
BOS,BNA
BOS,BUF
BOS,BWI
BOS,CAK
BOS,CHS
BOS,CLE
BOS,CLT
BOS,CMH
BOS,CVG
BOS,DAY
BOS,DCA
BOS,DEN
BOS,DFW
BOS,DTW
BOS,EWR
BOS,FLL
BOS,GSO
BOS,IAD
BOS,IAH
BOS,IND
BOS,JAX
BOS,JFK
BOS,LAS
BOS,LAX
BOS,LGA
BOS,LGB
BOS,MCO
BOS,MDW
BOS,MEM
BOS,MIA
BOS,MSP
BOS,MSY
BOS,MYR
BOS,OAK
BOS,ORD
BOS,ORF
BOS,PBI
BOS,PDX
BOS,PHF
BOS,PHL
BOS,PHX
BOS,PIT
BOS,RDU
BOS,RIC
BOS,ROC
BOS,RSW
BOS,SAN
BOS,SAV
BOS,SDF
BOS,SEA
BOS,SFO
BOS,SJC
BOS,SJU
BOS,SLC
BOS,SRQ
BOS,STL
BOS,STT
BOS,TPA
BOS,TTN
BPT,IAH
BQK,ATL
BQN,EWR
BQN,JFK
BQN,MCO
BRO,IAH
BRW,ANC
BRW,FAI
BRW,SCC
BTM,SLC
BTR,ATL
BTR,CVG
BTR,DCA
BTR,DFW
BTR,IAH
BTR,MEM
BTR,MSY
BTR,ORD
BTV,ATL
BTV,CLE
BTV,CVG
BTV,DTW
BTV,EWR
BTV,JFK
BTV,MCO
BTV,MSP
BTV,ORD
BTV,PHL
BUF,ATL
BUF,BOS
BUF,BWI
BUF,CLE
BUF,CLT
BUF,CVG
BUF,DCA
BUF,DTW
BUF,EWR
BUF,FLL
BUF,GSP
BUF,IAD
BUF,JFK
BUF,LAS
BUF,MCO
BUF,MDW
BUF,MSP
BUF,ORD
BUF,PBI
BUF,PHL
BUF,PHX
BUF,TPA
BUF,TYS
BUR,CDC
BUR,COS
BUR,DEN
BUR,DFW
BUR,JFK
BUR,LAS
BUR,LAX
BUR,OAK
BUR,PDX
BUR,PHX
BUR,SEA
BUR,SFO
BUR,SJC
BUR,SLC
BUR,SMF
BWI,ABE
BWI,ABQ
BWI,ALB
BWI,ATL
BWI,AUS
BWI,AVP
BWI,BDL
BWI,BHM
BWI,BNA
BWI,BOS
BWI,BUF
BWI,CLE
BWI,CLT
BWI,CMH
BWI,CVG
BWI,DAB
BWI,DAY
BWI,DCA
BWI,DEN
BWI,DFW
BWI,DTW
BWI,EWR
BWI,FLL
BWI,GRR
BWI,HOU
BWI,IAH
BWI,IND
BWI,ISP
BWI,JAN
BWI,JAX
BWI,JFK
BWI,LAS
BWI,LAX
BWI,LGA
BWI,LIT
BWI,MCI
BWI,MCO
BWI,MDW
BWI,MEM
BWI,MHT
BWI,MIA
BWI,MKE
BWI,MSN
BWI,MSP
BWI,MSY
BWI,OAK
BWI,OKC
BWI,ORD
BWI,ORF
BWI,PBI
BWI,PHL
BWI,PHX
BWI,PIT
BWI,PVD
BWI,PWM
BWI,RDU
BWI,ROC
BWI,RSW
BWI,SAN
BWI,SAT
BWI,SDF
BWI,SEA
BWI,SFO
BWI,SJU
BWI,SLC
BWI,SRQ
BWI,STL
BWI,TPA
BZN,ATL
BZN,DEN
BZN,DTW
BZN,GJT
BZN,MSN
BZN,MSP
BZN,ORD
BZN,PIH
BZN,SFO
BZN,SLC
BZN,TWF
CAE,ATL
CAE,CVG
CAE,DFW
CAE,DTW
CAE,EWR
CAE,IAD
CAE,IAH
CAE,LGA
CAE,MEM
CAE,ORD
CAE,RDU
CAK,ATL
CAK,BOS
CAK,CMH
CAK,CVG
CAK,DEN
CAK,DTW
CAK,FLL
CAK,LAS
CAK,LGA
CAK,MCO
CAK,ORD
CAK,RSW
CAK,TPA
CDV,ANC
CDV,YAK
CEC,ACV
CEC,RDD
CEC,SFO
CEC,SMF
CHA,ATL
CHA,BNA
CHA,CVG
CHA,DFW
CHA,IAH
CHA,MEM
CHA,ORD
CHO,ATL
CHO,CVG
CHS,ATL
CHS,BOS
CHS,CLT
CHS,CVG
CHS,DFW
CHS,DTW
CHS,EWR
CHS,IAD
CHS,IAH
CHS,IND
CHS,LGA
CHS,MCO
CHS,MEM
CHS,MKE
CHS,MSP
CHS,ORD
CHS,SAV
CIC,SFO
CIC,SMF
CID,ATL
CID,COS
CID,CVG
CID,DEN
CID,DFW
CID,DTW
CID,MSP
CID,ORD
CID,RFD
CLD,LAX
CLD,PHX
CLD,SNA
CLE,ABE
CLE,ABQ
CLE,ALB
CLE,ATL
CLE,AUS
CLE,BDL
CLE,BNA
CLE,BOS
CLE,BTV
CLE,BUF
CLE,BWI
CLE,CLT
CLE,CMH
CLE,CVG
CLE,DAB
CLE,DAY
CLE,DCA
CLE,DEN
CLE,DFW
CLE,DTW
CLE,ERI
CLE,EWR
CLE,FLL
CLE,FWA
CLE,GRR
CLE,GSP
CLE,HPN
CLE,IAD
CLE,IAH
CLE,IND
CLE,JAX
CLE,JFK
CLE,LAS
CLE,LAX
CLE,LEX
CLE,LGA
CLE,MCI
CLE,MCO
CLE,MDT
CLE,MDW
CLE,MEM
CLE,MHT
CLE,MIA
CLE,MKE
CLE,MSN
CLE,MSP
CLE,MSY
CLE,OKC
CLE,ORD
CLE,ORF
CLE,PBI
CLE,PHL
CLE,PHX
CLE,PVD
CLE,PWM
CLE,RDU
CLE,RIC
CLE,ROC
CLE,RSW
CLE,SAN
CLE,SAT
CLE,SDF
CLE,SEA
CLE,SFO
CLE,SJU
CLE,SLC
CLE,SRQ
CLE,STL
CLE,SYR
CLE,TPA
CLE,TYS
CLL,DFW
CLL,IAH
CLT,ABE
CLT,AGS
CLT,ALB
CLT,ATL
CLT,BDL
CLT,BHM
CLT,BNA
CLT,BOS
CLT,BUF
CLT,BWI
CLT,CHS
CLT,CLE
CLT,CMH
CLT,CVG
CLT,DCA
CLT,DEN
CLT,DFW
CLT,DTW
CLT,EGE
CLT,EWR
CLT,FLL
CLT,GRR
CLT,GSO
CLT,IAD
CLT,IAH
CLT,ILM
CLT,IND
CLT,JAX
CLT,JFK
CLT,LAS
CLT,LAX
CLT,LGA
CLT,LIT
CLT,MCI
CLT,MCO
CLT,MDT
CLT,MDW
CLT,MEM
CLT,MHT
CLT,MIA
CLT,MKE
CLT,MSP
CLT,MSY
CLT,MYR
CLT,ORD
CLT,ORF
CLT,PBI
CLT,PDX
CLT,PHL
CLT,PHX
CLT,PIT
CLT,PNS
CLT,PVD
CLT,PWM
CLT,RDU
CLT,RIC
CLT,ROC
CLT,RSW
CLT,SAN
CLT,SAV
CLT,SDF
CLT,SEA
CLT,SFO
CLT,SJU
CLT,SLC
CLT,SRQ
CLT,STL
CLT,STT
CLT,STX
CLT,SYR
CLT,TLH
CLT,TPA
CLT,TRI
CMH,ATL
CMH,BNA
CMH,BOS
CMH,BWI
CMH,CLE
CMH,CLT
CMH,CVG
CMH,DCA
CMH,DEN
CMH,DFW
CMH,DTW
CMH,EWR
CMH,FLL
CMH,IAH
CMH,JFK
CMH,LAS
CMH,LAX
CMH,LGA
CMH,MCI
CMH,MCO
CMH,MDW
CMH,MEM
CMH,MIA
CMH,MKE
CMH,MSN
CMH,MSP
CMH,ORD
CMH,PHL
CMH,PHX
CMH,RDU
CMH,RSW
CMH,SLC
CMH,STL
CMH,TPA
CMI,DFW
CMI,ORD
CMX,MSP
COD,DEN
COD,SLC
COS,ABQ
COS,ATL
COS,BHM
COS,CVG
COS,DEN
COS,DFW
COS,GRB
COS,IAH
COS,LAS
COS,LAX
COS,MCI
COS,MKE
COS,MSP
COS,MTJ
COS,ONT
COS,ORD
COS,PHX
COS,RFD
COS,SAN
COS,SFO
COS,SLC
COS,SMF
COS,TUL
CPR,DEN
CPR,MSP
CPR,SLC
CRP,ATL
CRP,AUS
CRP,DFW
CRP,HOU
CRP,IAH
CRW,ATL
CRW,CVG
CRW,DAY
CRW,IAH
CRW,ORD
CRW,RDU
CRW,ROA
CRW,SPI
CSG,ATL
CVG,ABE
CVG,ABQ
CVG,ALB
CVG,ANC
CVG,ATL
CVG,ATW
CVG,AUS
CVG,AVL
CVG,AVP
CVG,AZO
CVG,BDL
CVG,BGR
CVG,BHM
CVG,BNA
CVG,BOS
CVG,BTR
CVG,BTV
CVG,BUF
CVG,BWI
CVG,CAE
CVG,CAK
CVG,CHA
CVG,CHO
CVG,CHS
CVG,CID
CVG,CLE
CVG,CLT
CVG,CMH
CVG,COS
CVG,CRW
CVG,DAY
CVG,DCA
CVG,DEN
CVG,DFW
CVG,DSM
CVG,DTW
CVG,EGE
CVG,EWR
CVG,FLL
CVG,FSD
CVG,GRB
CVG,GRR
CVG,GSO
CVG,GSP
CVG,HNL
CVG,HPN
CVG,HSV
CVG,HTS
CVG,IAD
CVG,IAH
CVG,ILM
CVG,IND
CVG,JAC
CVG,JAN
CVG,JAX
CVG,JFK
CVG,LAN
CVG,LAS
CVG,LAX
CVG,LEX
CVG,LGA
CVG,LIT
CVG,MCI
CVG,MCO
CVG,MDT
CVG,MEM
CVG,MGM
CVG,MHT
CVG,MIA
CVG,MKE
CVG,MLB
CVG,MSN
CVG,MSP
CVG,MSY
CVG,MYR
CVG,OKC
CVG,OMA
CVG,ORD
CVG,ORF
CVG,PBI
CVG,PDX
CVG,PFN
CVG,PHL
CVG,PHX
CVG,PIT
CVG,PVD
CVG,PWM
CVG,RDU
CVG,RIC
CVG,ROA
CVG,ROC
CVG,RSW
CVG,SAN
CVG,SAT
CVG,SAV
CVG,SBN
CVG,SCE
CVG,SDF
CVG,SEA
CVG,SFO
CVG,SGF
CVG,SHV
CVG,SJU
CVG,SLC
CVG,SMF
CVG,SNA
CVG,SRQ
CVG,STL
CVG,SYR
CVG,TPA
CVG,TRI
CVG,TUL
CVG,TVC
CVG,TYS
CVG,VPS
CWA,DTW
CWA,MSP
CWA,ORD
DAB,ATL
DAB,BWI
DAB,CLE
DAB,EWR
DAB,IAD
DAB,LGA
DAB,ORD
DAL,ABQ
DAL,AMA
DAL,AUS
DAL,BHM
DAL,ELP
DAL,HOU
DAL,IAH
DAL,LBB
DAL,LIT
DAL,MAF
DAL,MCI
DAL,MSY
DAL,OKC
DAL,SAT
DAL,STL
DAL,TUL
DAY,ATL
DAY,BOS
DAY,BWI
DAY,CLE
DAY,CVG
DAY,DEN
DAY,DFW
DAY,DTW
DAY,EWR
DAY,IAH
DAY,LAS
DAY,MCO
DAY,MSP
DAY,ORD
DAY,TPA
DBQ,ORD
DCA,ALB
DCA,ATL
DCA,BDL
DCA,BNA
DCA,BOS
DCA,BTR
DCA,BUF
DCA,CLE
DCA,CLT
DCA,CMH
DCA,CVG
DCA,DEN
DCA,DFW
DCA,DSM
DCA,DTW
DCA,EWR
DCA,FLL
DCA,GRR
DCA,HSV
DCA,IAH
DCA,IND
DCA,JAN
DCA,JAX
DCA,JFK
DCA,LAS
DCA,LAX
DCA,LEX
DCA,LGA
DCA,MCO
DCA,MEM
DCA,MHT
DCA,MIA
DCA,MLB
DCA,MSN
DCA,MSP
DCA,MSY
DCA,ORD
DCA,PBI
DCA,PHL
DCA,PHX
DCA,PIT
DCA,PLN
DCA,PVD
DCA,RDU
DCA,RSW
DCA,SAV
DCA,SEA
DCA,SLC
DCA,SRQ
DCA,STL
DCA,SYR
DCA,TPA
DCA,XNA
DEN,ABQ
DEN,AMA
DEN,ANC
DEN,ASE
DEN,ATL
DEN,AUS
DEN,BDL
DEN,BFF
DEN,BFL
DEN,BHM
DEN,BIL
DEN,BIS
DEN,BNA
DEN,BOI
DEN,BOS
DEN,BUR
DEN,BWI
DEN,BZN
DEN,CAK
DEN,CDC
DEN,CID
DEN,CLE
DEN,CLT
DEN,CMH
DEN,COD
DEN,COS
DEN,CPR
DEN,CVG
DEN,DAY
DEN,DCA
DEN,DFW
DEN,DRO
DEN,DSM
DEN,DTW
DEN,EGE
DEN,ELP
DEN,EUG
DEN,EWR
DEN,FAR
DEN,FAT
DEN,FCA
DEN,FLL
DEN,FSD
DEN,FWA
DEN,GEG
DEN,GJT
DEN,GRR
DEN,GTF
DEN,GUC
DEN,HDN
DEN,HLN
DEN,HNL
DEN,HOU
DEN,HSV
DEN,IAD
DEN,IAH
DEN,ICT
DEN,IDA
DEN,IND
DEN,JAC
DEN,JAX
DEN,JFK
DEN,KOA
DEN,LAS
DEN,LAX
DEN,LGA
DEN,LIH
DEN,LIT
DEN,LNK
DEN,MCI
DEN,MCO
DEN,MDW
DEN,MEM
DEN,MFR
DEN,MIA
DEN,MKE
DEN,MLI
DEN,MRY
DEN,MSN
DEN,MSO
DEN,MSP
DEN,MSY
DEN,MTJ
DEN,OAK
DEN,OGG
DEN,OKC
DEN,OMA
DEN,ONT
DEN,ORD
DEN,PBI
DEN,PDX
DEN,PHL
DEN,PHX
DEN,PIA
DEN,PIH
DEN,PIT
DEN,PSC
DEN,PSP
DEN,RAP
DEN,RDM
DEN,RDU
DEN,RFD
DEN,RNO
DEN,RSW
DEN,SAN
DEN,SAT
DEN,SBA
DEN,SDF
DEN,SEA
DEN,SFO
DEN,SGF
DEN,SJC
DEN,SLC
DEN,SMF
DEN,SNA
DEN,STL
DEN,TPA
DEN,TUL
DEN,TUS
DEN,TWF
DEN,TYS
DEN,XNA
DFW,ABI
DFW,ABQ
DFW,ACT
DFW,AEX
DFW,AMA
DFW,ANC
DFW,ATL
DFW,AUS
DFW,BDL
DFW,BHM
DFW,BNA
DFW,BOS
DFW,BTR
DFW,BUR
DFW,BWI
DFW,CAE
DFW,CHA
DFW,CHS
DFW,CID
DFW,CLE
DFW,CLL
DFW,CLT
DFW,CMH
DFW,CMI
DFW,COS
DFW,CRP
DFW,CVG
DFW,DAY
DFW,DCA
DFW,DEN
DFW,DSM
DFW,DTW
DFW,EGE
DFW,ELP
DFW,EVV
DFW,EWR
DFW,FAT
DFW,FLL
DFW,FNT
DFW,FSM
DFW,FWA
DFW,GGG
DFW,GPT
DFW,GRK
DFW,GRR
DFW,GSO
DFW,GSP
DFW,GUC
DFW,HDN
DFW,HNL
DFW,HOU
DFW,HSV
DFW,IAD
DFW,IAH
DFW,ICT
DFW,IND
DFW,JAC
DFW,JAN
DFW,JAX
DFW,JFK
DFW,LAS
DFW,LAW
DFW,LAX
DFW,LBB
DFW,LEX
DFW,LFT
DFW,LGA
DFW,LIT
DFW,LRD
DFW,MAF
DFW,MCI
DFW,MCO
DFW,MDT
DFW,MDW
DFW,MEM
DFW,MFE
DFW,MIA
DFW,MKE
DFW,MLI
DFW,MLU
DFW,MOB
DFW,MSN
DFW,MSP
DFW,MSY
DFW,MTJ
DFW,OAK
DFW,OGG
DFW,OKC
DFW,OMA
DFW,ONT
DFW,ORD
DFW,ORF
DFW,PBI
DFW,PDX
DFW,PHL
DFW,PHX
DFW,PIA
DFW,PIT
DFW,PNS
DFW,PSP
DFW,RDU
DFW,RIC
DFW,RNO
DFW,ROC
DFW,ROW
DFW,RSW
DFW,SAN
DFW,SAT
DFW,SAV
DFW,SBA
DFW,SDF
DFW,SEA
DFW,SFO
DFW,SGF
DFW,SHV
DFW,SJC
DFW,SJT
DFW,SJU
DFW,SLC
DFW,SMF
DFW,SNA
DFW,SPS
DFW,STL
DFW,SYR
DFW,TPA
DFW,TUL
DFW,TUS
DFW,TXK
DFW,TYR
DFW,TYS
DFW,VPS
DFW,XNA
DHN,ATL
DLG,ANC
DLH,DTW
DLH,MSP
DRO,DEN
DRO,GJT
DRO,PHX
DRO,SLC
DSM,ATL
DSM,CVG
DSM,DCA
DSM,DEN
DSM,DFW
DSM,DTW
DSM,IAH
DSM,LGA
DSM,MEM
DSM,MSP
DSM,OMA
DSM,ORD
DSM,PHX
DSM,PIH
DSM,SLC
DSM,TWF
DTW,ABE
DTW,ALB
DTW,ANC
DTW,ATL
DTW,ATW
DTW,AUS
DTW,AVL
DTW,AVP
DTW,AZO
DTW,BDL
DTW,BGM
DTW,BGR
DTW,BHM
DTW,BNA
DTW,BOS
DTW,BTV
DTW,BUF
DTW,BWI
DTW,BZN
DTW,CAE
DTW,CAK
DTW,CHS
DTW,CID
DTW,CLE
DTW,CLT
DTW,CMH
DTW,CVG
DTW,CWA
DTW,DAY
DTW,DCA
DTW,DEN
DTW,DFW
DTW,DLH
DTW,DSM
DTW,ELM
DTW,ERI
DTW,EVV
DTW,EWR
DTW,FLL
DTW,FNT
DTW,FWA
DTW,GRB
DTW,GRR
DTW,GSO
DTW,GSP
DTW,HPN
DTW,HSV
DTW,IAD
DTW,IAH
DTW,IND
DTW,JAN
DTW,JAX
DTW,JFK
DTW,LAN
DTW,LAS
DTW,LAX
DTW,LEX
DTW,LGA
DTW,LIT
DTW,LNK
DTW,MBS
DTW,MCI
DTW,MCO
DTW,MDT
DTW,MDW
DTW,MEM
DTW,MHT
DTW,MIA
DTW,MKE
DTW,MLI
DTW,MSN
DTW,MSP
DTW,MSY
DTW,MYR
DTW,OKC
DTW,OMA
DTW,ORD
DTW,ORF
DTW,PBI
DTW,PDX
DTW,PHL
DTW,PHX
DTW,PIA
DTW,PIT
DTW,PLN
DTW,PVD
DTW,PWM
DTW,RDU
DTW,RIC
DTW,ROA
DTW,ROC
DTW,RST
DTW,RSW
DTW,SAN
DTW,SAT
DTW,SAV
DTW,SBN
DTW,SCE
DTW,SDF
DTW,SEA
DTW,SFO
DTW,SGF
DTW,SHV
DTW,SJU
DTW,SLC
DTW,SRQ
DTW,STL
DTW,STT
DTW,SWF
DTW,SYR
DTW,TPA
DTW,TUL
DTW,TVC
DTW,TYS
DTW,XNA
EAU,MSP
EGE,ATL
EGE,CLT
EGE,CVG
EGE,DEN
EGE,DFW
EGE,EWR
EGE,IAH
EGE,LAX
EGE,LGA
EGE,MIA
EGE,MSP
EGE,ORD
EGE,PHL
EKO,OGD
EKO,PIH
EKO,SLC
ELM,DTW
ELP,ABQ
ELP,ATL
ELP,AUS
ELP,COS
ELP,DAL
ELP,DEN
ELP,DFW
ELP,GJT
ELP,HOU
ELP,IAH
ELP,LAS
ELP,LAX
ELP,LBB
ELP,MAF
ELP,MFE
ELP,ONT
ELP,ORD
ELP,PHX
ELP,SAN
ELP,SAT
ELP,SLC
ELP,TUS
ERI,ATL
ERI,CLE
ERI,DTW
EUG,DEN
EUG,LAS
EUG,LAX
EUG,PDX
EUG,PHX
EUG,SFO
EUG,SJC
EUG,SLC
EVV,ATL
EVV,DFW
EVV,DTW
EVV,MEM
EVV,ORD
EWN,ATL
EWR,ABQ
EWR,ACK
EWR,ALB
EWR,ATL
EWR,AUS
EWR,AVL
EWR,BDL
EWR,BGR
EWR,BHM
EWR,BNA
EWR,BOS
EWR,BQN
EWR,BTV
EWR,BUF
EWR,BWI
EWR,CAE
EWR,CHS
EWR,CLE
EWR,CLT
EWR,CMH
EWR,CVG
EWR,DAB
EWR,DAY
EWR,DCA
EWR,DEN
EWR,DFW
EWR,DTW
EWR,EGE
EWR,FLL
EWR,GRB
EWR,GRR
EWR,GSO
EWR,GSP
EWR,HDN
EWR,HNL
EWR,IAD
EWR,IAH
EWR,IND
EWR,JAN
EWR,JAX
EWR,JFK
EWR,LAN
EWR,LAS
EWR,LAX
EWR,LEX
EWR,LIT
EWR,MCI
EWR,MCO
EWR,MDW
EWR,MEM
EWR,MHT
EWR,MIA
EWR,MKE
EWR,MSN
EWR,MSP
EWR,MSY
EWR,MTJ
EWR,MYR
EWR,OKC
EWR,OMA
EWR,ORD
EWR,ORF
EWR,PBI
EWR,PDX
EWR,PHX
EWR,PIT
EWR,PSE
EWR,PVD
EWR,PWM
EWR,RDU
EWR,RIC
EWR,ROC
EWR,RSW
EWR,SAN
EWR,SAT
EWR,SAV
EWR,SDF
EWR,SEA
EWR,SFO
EWR,SJC
EWR,SJU
EWR,SLC
EWR,SNA
EWR,SRQ
EWR,STL
EWR,STT
EWR,SYR
EWR,TPA
EWR,TUL
EWR,TUS
EWR,TYS
EWR,XNA
EYW,ATL
FAI,ANC
FAI,BRW
FAI,MSP
FAI,SCC
FAI,SEA
FAI,SLC
FAR,CID
FAR,COS
FAR,DEN
FAR,MSN
FAR,MSP
FAR,ORD
FAR,SLC
FAT,BOI
FAT,DEN
FAT,DFW
FAT,LAS
FAT,LAX
FAT,LGB
FAT,MRY
FAT,MTJ
FAT,ONT
FAT,PHX
FAT,SAN
FAT,SFO
FAT,SLC
FAT,SMF
FAT,TWF
FAY,ATL
FCA,ATL
FCA,DEN
FCA,GTF
FCA,MSP
FCA,ORD
FCA,PIH
FCA,SLC
FCA,TWF
FLG,PHX
FLL,ATL
FLL,BDL
FLL,BNA
FLL,BOS
FLL,BUF
FLL,BWI
FLL,CAK
FLL,CLE
FLL,CLT
FLL,CMH
FLL,CVG
FLL,DCA
FLL,DEN
FLL,DFW
FLL,DTW
FLL,EWR
FLL,GPT
FLL,HOU
FLL,HPN
FLL,IAD
FLL,IAH
FLL,IND
FLL,ISP
FLL,JAX
FLL,JFK
FLL,LAS
FLL,LAX
FLL,LGA
FLL,LGB
FLL,MCO
FLL,MDW
FLL,MEM
FLL,MIA
FLL,MSP
FLL,MSY
FLL,OAK
FLL,ORD
FLL,PHF
FLL,PHL
FLL,PHX
FLL,PIT
FLL,PSE
FLL,PVD
FLL,RIC
FLL,ROC
FLL,RSW
FLL,SJU
FLL,SLC
FLL,STL
FLL,SWF
FLL,SYR
FLL,TPA
FLO,ATL
FNT,ATL
FNT,DFW
FNT,DTW
FNT,LAS
FNT,LGA
FNT,MCO
FNT,MSP
FNT,ORD
FNT,RSW
FNT,TPA
FSD,ATL
FSD,COS
FSD,CVG
FSD,CYS
FSD,DEN
FSD,MSN
FSD,MSP
FSD,ORD
FSD,PIH
FSD,RFD
FSD,SBN
FSD,SLC
FSM,ATL
FSM,DFW
FSM,MEM
FWA,ATL
FWA,CVG
FWA,DFW
FWA,DTW
FWA,ORD
GEG,BOI
GEG,DEN
GEG,GJT
GEG,LAS
GEG,LAX
GEG,MSP
GEG,OAK
GEG,ONT
GEG,ORD
GEG,PDX
GEG,PHX
GEG,PVU
GEG,RNO
GEG,SAN
GEG,SEA
GEG,SLC
GEG,SMF
GEG,TUS
GEG,TWF
GFK,MSP
GGG,DFW
GJT,DEN
GJT,PHX
GJT,SLC
GJT,TWF
GLH,MEM
GNV,ATL
GPT,ATL
GPT,DFW
GPT,FLL
GPT,IAH
GPT,MEM
GPT,MSY
GPT,ORD
GPT,TPA
GRB,ATL
GRB,CVG
GRB,DTW
GRB,MQT
GRB,MSP
GRB,ORD
GRK,ATL
GRK,DFW
GRK,IAH
GRR,ATL
GRR,CLE
GRR,CVG
GRR,DCA
GRR,DEN
GRR,DFW
GRR,DTW
GRR,EWR
GRR,IAH
GRR,LGA
GRR,MCO
GRR,MEM
GRR,MKE
GRR,MSP
GRR,ORD
GRR,TPA
GSO,ATL
GSO,BNA
GSO,BOS
GSO,BTR
GSO,CLT
GSO,CMH
GSO,CVG
GSO,DCA
GSO,DFW
GSO,DTW
GSO,EWR
GSO,IAD
GSO,IAH
GSO,JAX
GSO,LGA
GSO,MCO
GSO,MEM
GSO,MIA
GSO,MSP
GSO,MSY
GSO,ORD
GSO,RDU
GSO,TPA
GSP,ATL
GSP,CLE
GSP,CVG
GSP,DFW
GSP,DTW
GSP,EWR
GSP,IAD
GSP,IAH
GSP,LGA
GSP,MCN
GSP,MCO
GSP,MEM
GSP,ORD
GSP,RSW
GST,JNU
GTF,DEN
GTF,FCA
GTF,MSP
GTF,PIH
GTF,SLC
GTR,ATL
GUC,DEN
GUC,DFW
HDN,ATL
HDN,DEN
HDN,DFW
HDN,EWR
HDN,IAH
HDN,JFK
HDN,LGA
HDN,MSP
HDN,ORD
HDN,PIH
HDN,SLC
HHH,ATL
HLN,MSP
HLN,PIH
HLN,SLC
HLN,TWF
HNL,ANC
HNL,ATL
HNL,CVG
HNL,DEN
HNL,DFW
HNL,EWR
HNL,IAH
HNL,ITO
HNL,KOA
HNL,LAS
HNL,LAX
HNL,LIH
HNL,MSP
HNL,OAK
HNL,OGG
HNL,ORD
HNL,PDX
HNL,PHX
HNL,SAN
HNL,SEA
HNL,SFO
HNL,SJC
HNL,SLC
HNL,SMF
HNL,SNA
HOU,ABQ
HOU,ATL
HOU,AUS
HOU,BHM
HOU,BNA
HOU,BWI
HOU,CRP
HOU,DAL
HOU,DEN
HOU,DFW
HOU,ELP
HOU,FLL
HOU,HRL
HOU,JAN
HOU,JAX
HOU,JFK
HOU,LAS
HOU,LAX
HOU,LIT
HOU,MAF
HOU,MCO
HOU,MDW
HOU,MSY
HOU,OAK
HOU,OKC
HOU,PHL
HOU,PHX
HOU,SAN
HOU,SAT
HOU,STL
HOU,TPA
HOU,TUL
HPN,ATL
HPN,CLE
HPN,CVG
HPN,DTW
HPN,FLL
HPN,JFK
HPN,MCO
HPN,MSP
HPN,ORD
HPN,PBI
HPN,RSW
HPN,TPA
HRL,AUS
HRL,HOU
HRL,IAH
HRL,SAT
HSV,ATL
HSV,CVG
HSV,DCA
HSV,DEN
HSV,DFW
HSV,DTW
HSV,IAD
HSV,IAH
HSV,LGA
HSV,MEM
HSV,ORD
HSV,TUL
HTS,ATL
HTS,CVG
IAD,ABQ
IAD,ATL
IAD,AUS
IAD,BDL
IAD,BHM
IAD,BNA
IAD,BOS
IAD,BUF
IAD,BWI
IAD,CAE
IAD,CHS
IAD,CLE
IAD,CLT
IAD,CVG
IAD,DAB
IAD,DEN
IAD,DFW
IAD,DTW
IAD,EWR
IAD,FLL
IAD,GSO
IAD,GSP
IAD,HSV
IAD,IAH
IAD,JAX
IAD,JFK
IAD,LAS
IAD,LAX
IAD,LFT
IAD,LGA
IAD,LGB
IAD,MCI
IAD,MCO
IAD,MDT
IAD,MDW
IAD,MHT
IAD,MIA
IAD,MSP
IAD,MSY
IAD,MYR
IAD,OAK
IAD,OKC
IAD,ONT
IAD,ORD
IAD,ORF
IAD,PBI
IAD,PDX
IAD,PHL
IAD,PHX
IAD,PIT
IAD,PVD
IAD,PWM
IAD,RDU
IAD,ROA
IAD,ROC
IAD,SAN
IAD,SAT
IAD,SAV
IAD,SEA
IAD,SFO
IAD,SJC
IAD,SJU
IAD,SLC
IAD,SMF
IAD,SPI
IAD,STT
IAD,SYR
IAD,TPA
IAD,TUS
IAH,ABQ
IAH,AEX
IAH,AGS
IAH,AMA
IAH,ANC
IAH,ATL
IAH,AUS
IAH,AVL
IAH,BDL
IAH,BFL
IAH,BHM
IAH,BNA
IAH,BOS
IAH,BPT
IAH,BRO
IAH,BTR
IAH,BWI
IAH,CAE
IAH,CHA
IAH,CHS
IAH,CLE
IAH,CLL
IAH,CLT
IAH,CMH
IAH,COS
IAH,CRP
IAH,CRW
IAH,CVG
IAH,DAL
IAH,DAY
IAH,DCA
IAH,DEN
IAH,DFW
IAH,DSM
IAH,DTW
IAH,EGE
IAH,ELP
IAH,EWR
IAH,FLL
IAH,GPT
IAH,GRK
IAH,GRR
IAH,GSO
IAH,GSP
IAH,HDN
IAH,HNL
IAH,HRL
IAH,HSV
IAH,IAD
IAH,ICT
IAH,IND
IAH,JAN
IAH,JAX
IAH,JFK
IAH,LAS
IAH,LAX
IAH,LBB
IAH,LCH
IAH,LEX
IAH,LFT
IAH,LGA
IAH,LIT
IAH,LRD
IAH,MAF
IAH,MCI
IAH,MCO
IAH,MEM
IAH,MFE
IAH,MGM
IAH,MIA
IAH,MKE
IAH,MLI
IAH,MLU
IAH,MOB
IAH,MSP
IAH,MSY
IAH,MTJ
IAH,OAK
IAH,OKC
IAH,OMA
IAH,ONT
IAH,ORD
IAH,ORF
IAH,PBI
IAH,PDX
IAH,PHL
IAH,PHX
IAH,PIA
IAH,PIH
IAH,PIT
IAH,PNS
IAH,PSP
IAH,RDU
IAH,RIC
IAH,RNO
IAH,RSW
IAH,SAN
IAH,SAT
IAH,SAV
IAH,SDF
IAH,SEA
IAH,SFO
IAH,SHV
IAH,SJC
IAH,SJU
IAH,SLC
IAH,SMF
IAH,SNA
IAH,SRQ
IAH,STL
IAH,TLH
IAH,TPA
IAH,TUL
IAH,TUS
IAH,TYS
IAH,VPS
IAH,XNA
ICT,ATL
ICT,DEN
ICT,DFW
ICT,IAH
ICT,LAX
ICT,MEM
ICT,MSP
ICT,ORD
ICT,PHX
ICT,PIA
IDA,CYS
IDA,DEN
IDA,GJT
IDA,MSP
IDA,OGD
IDA,PIH
IDA,SLC
ILG,ATL
ILM,ATL
ILM,CLT
ILM,CVG
ILM,RDU
IND,ATL
IND,BDL
IND,BOS
IND,BWI
IND,CLE
IND,CLT
IND,CVG
IND,DCA
IND,DEN
IND,DFW
IND,DSM
IND,DTW
IND,EWR
IND,FLL
IND,IAH
IND,JAX
IND,JFK
IND,LAS
IND,LAX
IND,LGA
IND,MCI
IND,MCO
IND,MDW
IND,MEM
IND,MIA
IND,MSP
IND,ORD
IND,PBI
IND,PHL
IND,PHX
IND,RDU
IND,RSW
IND,SEA
IND,SFO
IND,SRQ
IND,TPA
INL,MSP
IPL,LAX
IPL,YUM
ISO,ATL
ISP,ATL
ISP,BWI
ISP,FLL
ISP,LAS
ISP,MCO
ISP,MDW
ISP,PBI
ISP,RSW
ISP,TPA
ITO,HNL
ITO,KOA
ITO,OGG
IYK,FAT
IYK,LAX
JAC,ATL
JAC,CVG
JAC,DEN
JAC,DFW
JAC,IDA
JAC,LAX
JAC,MSP
JAC,ORD
JAC,SLC
JAN,ATL
JAN,BWI
JAN,CVG
JAN,DCA
JAN,DFW
JAN,DTW
JAN,EWR
JAN,HOU
JAN,IAH
JAN,MCO
JAN,MDW
JAN,MEM
JAN,ORD
JAX,ATL
JAX,AUS
JAX,BHM
JAX,BNA
JAX,BOS
JAX,BWI
JAX,CLE
JAX,CLT
JAX,CMH
JAX,CVG
JAX,DCA
JAX,DEN
JAX,DFW
JAX,DTW
JAX,EWR
JAX,FLL
JAX,HOU
JAX,IAD
JAX,IAH
JAX,IND
JAX,JFK
JAX,LAX
JAX,LGA
JAX,MCI
JAX,MEM
JAX,MIA
JAX,MSP
JAX,MSY
JAX,ORD
JAX,ORF
JAX,PHL
JAX,PIR
JAX,PNS
JAX,RDU
JAX,TPA
JFK,ACK
JFK,ALB
JFK,ATL
JFK,AUS
JFK,BDL
JFK,BGM
JFK,BNA
JFK,BOS
JFK,BQN
JFK,BTV
JFK,BUF
JFK,BUR
JFK,BWI
JFK,CLE
JFK,CLT
JFK,CMH
JFK,CVG
JFK,DCA
JFK,DEN
JFK,DFW
JFK,DTW
JFK,FLL
JFK,GSO
JFK,HDN
JFK,HOU
JFK,IAD
JFK,IAH
JFK,IND
JFK,JAX
JFK,LAS
JFK,LAX
JFK,LGA
JFK,LGB
JFK,MCO
JFK,MHT
JFK,MIA
JFK,MSP
JFK,MSY
JFK,OAK
JFK,ONT
JFK,ORD
JFK,ORF
JFK,PBI
JFK,PDX
JFK,PHL
JFK,PHX
JFK,PIT
JFK,PSE
JFK,PVD
JFK,PWM
JFK,RDU
JFK,RIC
JFK,ROC
JFK,RSW
JFK,SAN
JFK,SAV
JFK,SDF
JFK,SEA
JFK,SFO
JFK,SJC
JFK,SJU
JFK,SLC
JFK,SMF
JFK,SRQ
JFK,STL
JFK,STT
JFK,SWF
JFK,SYR
JFK,TPA
JFK,TUS
JNU,ANC
JNU,GST
JNU,KTN
JNU,PSG
JNU,SEA
JNU,SIT
JNU,YAK
KOA,DEN
KOA,HNL
KOA,LAX
KOA,OAK
KOA,OGG
KOA,ORD
KOA,PHX
KOA,SEA
KOA,SFO
KOA,SLC
KOA,SNA
KTN,JNU
KTN,SEA
KTN,SIT
KTN,WRG
LAN,ATL
LAN,CVG
LAN,DTW
LAN,GRR
LAN,MSP
LAN,ORD
LAS,ABQ
LAS,ALB
LAS,AMA
LAS,ANC
LAS,ATL
LAS,AUS
LAS,BDL
LAS,BFL
LAS,BHM
LAS,BMI
LAS,BNA
LAS,BOI
LAS,BOS
LAS,BUF
LAS,BUR
LAS,BWI
LAS,CAK
LAS,CLE
LAS,CLT
LAS,CMH
LAS,COS
LAS,CVG
LAS,DAY
LAS,DCA
LAS,DEN
LAS,DFW
LAS,DTW
LAS,ELP
LAS,EUG
LAS,EWR
LAS,FAT
LAS,FLL
LAS,FNT
LAS,GEG
LAS,HNL
LAS,HOU
LAS,IAD
LAS,IAH
LAS,IND
LAS,ISP
LAS,JFK
LAS,LAX
LAS,LBB
LAS,LGB
LAS,LIT
LAS,MAF
LAS,MCI
LAS,MCO
LAS,MDW
LAS,MEM
LAS,MFR
LAS,MHT
LAS,MIA
LAS,MKE
LAS,MLI
LAS,MRY
LAS,MSP
LAS,MSY
LAS,OAK
LAS,OGG
LAS,OKC
LAS,OMA
LAS,ONT
LAS,ORD
LAS,ORF
LAS,PBI
LAS,PDX
LAS,PHL
LAS,PHX
LAS,PIH
LAS,PIT
LAS,PSP
LAS,PVD
LAS,RDU
LAS,RNO
LAS,ROC
LAS,SAN
LAS,SAT
LAS,SBA
LAS,SBP
LAS,SDF
LAS,SEA
LAS,SFO
LAS,SJC
LAS,SLC
LAS,SMF
LAS,SNA
LAS,STL
LAS,TPA
LAS,TUL
LAS,TUS
LAS,YUM
LAW,DFW
LAX,ABQ
LAX,ANC
LAX,ASE
LAX,ATL
LAX,AUS
LAX,BDL
LAX,BFL
LAX,BNA
LAX,BOI
LAX,BOS
LAX,BWI
LAX,CDC
LAX,CLD
LAX,CLE
LAX,CLT
LAX,CMH
LAX,COS
LAX,CVG
LAX,DCA
LAX,DEN
LAX,DFW
LAX,DRO
LAX,DTW
LAX,EGE
LAX,ELP
LAX,EUG
LAX,EWR
LAX,FAT
LAX,FLL
LAX,GEG
LAX,GJT
LAX,HNL
LAX,HOU
LAX,IAD
LAX,IAH
LAX,ICT
LAX,IDA
LAX,IND
LAX,IPL
LAX,IYK
LAX,JAC
LAX,JAX
LAX,JFK
LAX,KOA
LAX,LAS
LAX,LIH
LAX,MCI
LAX,MCO
LAX,MDW
LAX,MEM
LAX,MFE
LAX,MIA
LAX,MKE
LAX,MOD
LAX,MRY
LAX,MSP
LAX,MSY
LAX,MTJ
LAX,OAK
LAX,OGG
LAX,OKC
LAX,ONT
LAX,ORD
LAX,OXR
LAX,PDX
LAX,PHL
LAX,PHX
LAX,PIT
LAX,PMD
LAX,PSP
LAX,RDU
LAX,RNO
LAX,SAN
LAX,SAT
LAX,SBA
LAX,SBP
LAX,SDF
LAX,SEA
LAX,SFO
LAX,SGU
LAX,SJC
LAX,SJU
LAX,SLC
LAX,SMF
LAX,SMX
LAX,SNA
LAX,STL
LAX,TPA
LAX,TUS
LAX,XNA
LAX,YUM
LBB,ABQ
LBB,AUS
LBB,DAL
LBB,DFW
LBB,ELP
LBB,IAH
LBB,LAS
LCH,IAH
LEX,ATL
LEX,CLE
LEX,CVG
LEX,DCA
LEX,DFW
LEX,DTW
LEX,EWR
LEX,IAH
LEX,IND
LEX,LGA
LEX,MCO
LEX,ORD
LEX,PIA
LFT,ATL
LFT,DCA
LFT,DFW
LFT,IAH
LGA,AGS
LGA,ATL
LGA,BGR
LGA,BHM
LGA,BNA
LGA,BOS
LGA,CAE
LGA,CAK
LGA,CHS
LGA,CLE
LGA,CLT
LGA,CMH
LGA,CVG
LGA,DAB
LGA,DCA
LGA,DEN
LGA,DFW
LGA,DSM
LGA,DTW
LGA,EGE
LGA,FLL
LGA,FNT
LGA,GRR
LGA,GSO
LGA,GSP
LGA,HDN
LGA,HSV
LGA,IAD
LGA,IAH
LGA,IND
LGA,JAX
LGA,LEX
LGA,MCO
LGA,MEM
LGA,MIA
LGA,MLB
LGA,MSN
LGA,MSP
LGA,MSY
LGA,MYR
LGA,ORD
LGA,PBI
LGA,PHF
LGA,PIT
LGA,PWM
LGA,RDU
LGA,RIC
LGA,RSW
LGA,SAV
LGA,SDF
LGA,SLC
LGA,STL
LGA,STT
LGA,TPA
LGA,TVC
LGA,TYS
LGA,VPS
LGA,XNA
LGB,BOS
LGB,EWR
LGB,FAT
LGB,FLL
LGB,GJT
LGB,IAD
LGB,JFK
LGB,LAS
LGB,MRY
LGB,OAK
LGB,ORD
LGB,PHX
LGB,PWM
LGB,RNO
LGB,SEA
LGB,SLC
LGB,SMF
LIH,DEN
LIH,HNL
LIH,LAX
LIH,OGG
LIH,PHX
LIH,SEA
LIH,SFO
LIT,ATL
LIT,BWI
LIT,CLT
LIT,COS
LIT,CVG
LIT,DAL
LIT,DFW
LIT,DTW
LIT,EWR
LIT,GJT
LIT,HOU
LIT,IAH
LIT,LAS
LIT,MCO
LIT,MDW
LIT,MEM
LIT,MSP
LIT,ORD
LIT,PHX
LIT,SLC
LIT,STL
LNK,DEN
LNK,DTW
LNK,MSN
LNK,MSP
LNK,ORD
LNK,RFD
LNK,SGF
LRD,DFW
LRD,IAH
LSE,MSP
LSE,ORD
LWB,ATL
LWS,BOI
LWS,IDA
LWS,SLC
LWS,TWF
LYH,ATL
MAF,ABQ
MAF,AUS
MAF,DAL
MAF,DFW
MAF,ELP
MAF,HOU
MAF,IAH
MAF,LAS
MBS,DTW
MBS,MSP
MBS,ORD
MCI,ABQ
MCI,ATL
MCI,AUS
MCI,BNA
MCI,BWI
MCI,CLE
MCI,CLT
MCI,CMH
MCI,COS
MCI,CVG
MCI,DAL
MCI,DEN
MCI,DFW
MCI,DTW
MCI,EWR
MCI,GSO
MCI,IAD
MCI,IAH
MCI,IND
MCI,JAX
MCI,LAS
MCI,LAX
MCI,MCO
MCI,MDW
MCI,MEM
MCI,MIA
MCI,MSN
MCI,MSP
MCI,MSY
MCI,OAK
MCI,OKC
MCI,OMA
MCI,ONT
MCI,ORD
MCI,PDX
MCI,PHX
MCI,PIT
MCI,RDU
MCI,SAN
MCI,SAT
MCI,SDF
MCI,SEA
MCI,SLC
MCI,SMF
MCI,STL
MCI,TPA
MCI,TUL
MCI,TUS
MCN,ATL
MCO,ABQ
MCO,ACY
MCO,ALB
MCO,ATL
MCO,AUS
MCO,BDL
MCO,BHM
MCO,BMI
MCO,BNA
MCO,BOS
MCO,BQN
MCO,BUF
MCO,BWI
MCO,CAK
MCO,CHS
MCO,CLE
MCO,CLT
MCO,CMH
MCO,CVG
MCO,DAY
MCO,DCA
MCO,DEN
MCO,DFW
MCO,DTW
MCO,EWR
MCO,FLL
MCO,FNT
MCO,GRR
MCO,GSO
MCO,GSP
MCO,HOU
MCO,HPN
MCO,IAD
MCO,IAH
MCO,IND
MCO,ISP
MCO,JAN
MCO,JFK
MCO,LAS
MCO,LAX
MCO,LEX
MCO,LGA
MCO,LIT
MCO,MCI
MCO,MDW
MCO,MEM
MCO,MHT
MCO,MIA
MCO,MKE
MCO,MLI
MCO,MSP
MCO,MSY
MCO,ORD
MCO,ORF
MCO,PBI
MCO,PDX
MCO,PHF
MCO,PHL
MCO,PHX
MCO,PIT
MCO,PNS
MCO,PSE
MCO,PVD
MCO,PWM
MCO,RDU
MCO,RIC
MCO,ROC
MCO,RSW
MCO,SAN
MCO,SAT
MCO,SDF
MCO,SEA
MCO,SFO
MCO,SJU
MCO,SLC
MCO,STL
MCO,SWF
MCO,SYR
MCO,TLH
MCO,TPA
MCO,TRI
MCO,TYS
MDT,ATL
MDT,CLE
MDT,CLT
MDT,CVG
MDT,DCA
MDT,DFW
MDT,DTW
MDT,IAD
MDT,JFK
MDT,LGA
MDT,MSP
MDT,ORD
MDT,PHL
MDW,ABQ
MDW,ALB
MDW,ATL
MDW,AUS
MDW,BDL
MDW,BHM
MDW,BNA
MDW,BOS
MDW,BUF
MDW,BWI
MDW,CLE
MDW,CLT
MDW,CMH
MDW,DEN
MDW,DFW
MDW,DTW
MDW,EWR
MDW,FLL
MDW,HOU
MDW,IAD
MDW,IND
MDW,ISP
MDW,JAN
MDW,LAS
MDW,LAX
MDW,LGA
MDW,LIT
MDW,MCI
MDW,MCO
MDW,MHT
MDW,MIA
MDW,MSP
MDW,MSY
MDW,OAK
MDW,OMA
MDW,ORF
MDW,PBI
MDW,PDX
MDW,PHL
MDW,PHX
MDW,PIT
MDW,PVD
MDW,RDU
MDW,RNO
MDW,RSW
MDW,SAN
MDW,SAT
MDW,SDF
MDW,SEA
MDW,SFO
MDW,SJC
MDW,SLC
MDW,SMF
MDW,SNA
MDW,SRQ
MDW,STL
MDW,TPA
MDW,TUS
MEI,ATL
MEM,ATL
MEM,AUS
MEM,BHM
MEM,BNA
MEM,BOS
MEM,BTR
MEM,BWI
MEM,CAE
MEM,CHA
MEM,CHS
MEM,CLE
MEM,CLT
MEM,CMH
MEM,COS
MEM,CVG
MEM,DCA
MEM,DEN
MEM,DFW
MEM,DSM
MEM,DTW
MEM,EVV
MEM,EWR
MEM,FLL
MEM,FSM
MEM,GJT
MEM,GLH
MEM,GPT
MEM,GRR
MEM,GSO
MEM,GSP
MEM,HSV
MEM,IAH
MEM,ICT
MEM,IND
MEM,JAN
MEM,JAX
MEM,LAS
MEM,LAX
MEM,LGA
MEM,LIT
MEM,MCI
MEM,MCO
MEM,MGM
MEM,MIA
MEM,MKE
MEM,MLI
MEM,MOB
MEM,MSN
MEM,MSP
MEM,MSY
MEM,OKC
MEM,OMA
MEM,ORD
MEM,PFN
MEM,PHL
MEM,PHX
MEM,PIA
MEM,PIT
MEM,PNS
MEM,RDU
MEM,RIC
MEM,RSW
MEM,SAT
MEM,SAV
MEM,SBN
MEM,SDF
MEM,SEA
MEM,SFO
MEM,SGF
MEM,SHV
MEM,SJU
MEM,SLC
MEM,STL
MEM,TLH
MEM,TPA
MEM,TUL
MEM,TYS
MEM,VPS
MEM,XNA
MFE,ATL
MFE,DFW
MFE,IAH
MFE,LAX
MFR,BOI
MFR,DEN
MFR,LAS
MFR,PDX
MFR,PHX
MFR,RDM
MFR,SFO
MFR,SJC
MFR,SLC
MFR,SMF
MGM,ATL
MGM,CVG
MGM,IAH
MGM,MEM
MHT,ATL
MHT,BOS
MHT,BWI
MHT,CLE
MHT,CLT
MHT,CVG
MHT,DCA
MHT,DTW
MHT,EWR
MHT,IAD
MHT,JFK
MHT,LAS
MHT,MCO
MHT,MDW
MHT,MSP
MHT,ORD
MHT,PHL
MHT,PHX
MHT,TPA
MIA,ATL
MIA,BDL
MIA,BNA
MIA,BOS
MIA,BWI
MIA,CLE
MIA,CLT
MIA,CMH
MIA,CVG
MIA,DCA
MIA,DEN
MIA,DFW
MIA,DTW
MIA,EGE
MIA,EWR
MIA,FLL
MIA,GSO
MIA,IAD
MIA,IAH
MIA,IND
MIA,JAX
MIA,JFK
MIA,LAS
MIA,LAX
MIA,LGA
MIA,MCI
MIA,MCO
MIA,MDW
MIA,MEM
MIA,MSP
MIA,MSY
MIA,ORD
MIA,ORF
MIA,PHL
MIA,PHX
MIA,PIT
MIA,RDU
MIA,RIC
MIA,SDF
MIA,SEA
MIA,SFO
MIA,SJU
MIA,STL
MIA,STT
MIA,STX
MIA,TPA
MIA,XNA
MKC,MKE
MKE,ABE
MKE,ALB
MKE,ATL
MKE,BDL
MKE,BHM
MKE,BUF
MKE,BWI
MKE,CLE
MKE,CLT
MKE,CMH
MKE,COS
MKE,CVG
MKE,DEN
MKE,DFW
MKE,DTW
MKE,EWR
MKE,GJT
MKE,GSP
MKE,IAH
MKE,LAS
MKE,LAX
MKE,LNK
MKE,MCI
MKE,MCN
MKE,MCO
MKE,MDW
MKE,MEM
MKE,MGM
MKE,MKC
MKE,MQT
MKE,MSN
MKE,MSP
MKE,OMA
MKE,ORD
MKE,PHL
MKE,PHX
MKE,PIT
MKE,RDU
MKE,ROA
MKE,RSW
MKE,SGF
MKE,SLC
MKE,TPA
MKE,TWF
MLB,ATL
MLB,CVG
MLB,DCA
MLB,LGA
MLB,MCO
MLI,ATL
MLI,CVG
MLI,DEN
MLI,DFW
MLI,DTW
MLI,GJT
MLI,LAS
MLI,MCO
MLI,MEM
MLI,MSP
MLI,ORD
MLU,ATL
MLU,DFW
MLU,IAH
MOB,ATL
MOB,DFW
MOB,IAH
MOB,MEM
MOB,ORD
MOD,FAT
MOD,LAX
MOD,SFO
MOD,SNA
MOT,MSP
MQT,GRB
MQT,MKE
MQT,MSN
MQT,ORD
MRY,DEN
MRY,FAT
MRY,LAS
MRY,LAX
MRY,LGB
MRY,ONT
MRY,PHX
MRY,PIH
MRY,SAN
MRY,SFO
MRY,SLC
MSN,ATL
MSN,ATW
MSN,CLE
MSN,CPR
MSN,CVG
MSN,CYS
MSN,DCA
MSN,DEN
MSN,DFW
MSN,DTW
MSN,EWR
MSN,LGA
MSN,LNK
MSN,MCI
MSN,MEM
MSN,MKE
MSN,MLI
MSN,MQT
MSN,MSP
MSN,ORD
MSN,PUB
MSN,RFD
MSO,COS
MSO,CPR
MSO,DEN
MSO,GJT
MSO,HLN
MSO,IDA
MSO,MSP
MSO,ORD
MSO,SLC
MSP,ABQ
MSP,ALB
MSP,ALO
MSP,ANC
MSP,ATL
MSP,ATW
MSP,AUS
MSP,AVL
MSP,AZO
MSP,BDL
MSP,BGR
MSP,BHM
MSP,BIL
MSP,BIS
MSP,BJI
MSP,BNA
MSP,BOI
MSP,BOS
MSP,BTV
MSP,BUF
MSP,BWI
MSP,BZN
MSP,CHS
MSP,CID
MSP,CLE
MSP,CLT
MSP,CMH
MSP,CMX
MSP,COS
MSP,CPR
MSP,CVG
MSP,CWA
MSP,DAY
MSP,DCA
MSP,DEN
MSP,DFW
MSP,DLH
MSP,DSM
MSP,DTW
MSP,EAU
MSP,EGE
MSP,EWR
MSP,FAI
MSP,FAR
MSP,FCA
MSP,FLL
MSP,FNT
MSP,FSD
MSP,GEG
MSP,GFK
MSP,GRB
MSP,GRR
MSP,GSO
MSP,GTF
MSP,HDN
MSP,HLN
MSP,HNL
MSP,HPN
MSP,IAD
MSP,IAH
MSP,ICT
MSP,IDA
MSP,IND
MSP,INL
MSP,JAC
MSP,JAX
MSP,JFK
MSP,LAN
MSP,LAS
MSP,LAX
MSP,LGA
MSP,LIT
MSP,LNK
MSP,LSE
MSP,MBS
MSP,MCI
MSP,MCO
MSP,MDT
MSP,MDW
MSP,MEM
MSP,MHT
MSP,MIA
MSP,MKE
MSP,MLI
MSP,MOT
MSP,MSN
MSP,MSO
MSP,MSY
MSP,MYR
MSP,OKC
MSP,OMA
MSP,ORD
MSP,ORF
MSP,PDX
MSP,PHL
MSP,PHX
MSP,PIA
MSP,PIR
MSP,PIT
MSP,PSP
MSP,PVD
MSP,PWM
MSP,RAP
MSP,RDU
MSP,RHI
MSP,RIC
MSP,ROC
MSP,RST
MSP,RSW
MSP,SAN
MSP,SAT
MSP,SAV
MSP,SBN
MSP,SDF
MSP,SEA
MSP,SFO
MSP,SGF
MSP,SJC
MSP,SJU
MSP,SLC
MSP,SMF
MSP,SNA
MSP,STL
MSP,SUX
MSP,TPA
MSP,TUL
MSP,TUS
MSP,TVC
MSP,TYS
MSP,XNA
MSY,ATL
MSY,AUS
MSY,BHM
MSY,BNA
MSY,BOS
MSY,BWI
MSY,CAE
MSY,CLE
MSY,CLT
MSY,CVG
MSY,DAL
MSY,DCA
MSY,DEN
MSY,DFW
MSY,DTW
MSY,EWR
MSY,FLL
MSY,HOU
MSY,IAD
MSY,IAH
MSY,JAX
MSY,JFK
MSY,LAS
MSY,LAX
MSY,LGA
MSY,MCI
MSY,MCO
MSY,MDW
MSY,MEM
MSY,MIA
MSY,MSP
MSY,ORD
MSY,PHL
MSY,PHX
MSY,RDU
MSY,SAT
MSY,SEA
MSY,SFO
MSY,SLC
MSY,STL
MSY,TPA
MTH,ATL
MTJ,ATL
MTJ,DEN
MTJ,DFW
MTJ,EWR
MTJ,IAH
MTJ,LAX
MTJ,ORD
MTJ,PUB
MTJ,SLC
MYR,ATL
MYR,BOS
MYR,CLT
MYR,CVG
MYR,DTW
MYR,EWR
MYR,IAD
MYR,LGA
MYR,MSP
MYR,PHL
MYR,PIT
OAJ,ATL
OAK,ABQ
OAK,ATL
OAK,BFL
OAK,BNA
OAK,BOI
OAK,BOS
OAK,BUR
OAK,BWI
OAK,DEN
OAK,DFW
OAK,FAT
OAK,FLL
OAK,GEG
OAK,GJT
OAK,HNL
OAK,HOU
OAK,IAD
OAK,IAH
OAK,JFK
OAK,KOA
OAK,LAS
OAK,LAX
OAK,LGB
OAK,MCI
OAK,MDW
OAK,OGG
OAK,ONT
OAK,ORD
OAK,PDX
OAK,PHL
OAK,PHX
OAK,RNO
OAK,SAN
OAK,SEA
OAK,SLC
OAK,SNA
OAK,TUS
OAK,TWF
OGG,ATL
OGG,DEN
OGG,DFW
OGG,HNL
OGG,ITO
OGG,KOA
OGG,LAS
OGG,LAX
OGG,LIH
OGG,OAK
OGG,ORD
OGG,PDX
OGG,PHX
OGG,SAN
OGG,SEA
OGG,SFO
OGG,SLC
OGG,SMF
OGG,SNA
OKC,ABQ
OKC,ATL
OKC,AUS
OKC,BWI
OKC,CLE
OKC,CVG
OKC,DAL
OKC,DEN
OKC,DFW
OKC,DTW
OKC,EWR
OKC,GJT
OKC,HOU
OKC,IAH
OKC,LAS
OKC,LAX
OKC,MCI
OKC,MEM
OKC,MSP
OKC,ONT
OKC,ORD
OKC,PHX
OKC,SAN
OKC,SAT
OKC,SLC
OKC,SMF
OKC,STL
OKC,TUL
OMA,ATL
OMA,CID
OMA,CVG
OMA,DEN
OMA,DFW
OMA,DTW
OMA,EWR
OMA,IAH
OMA,LAS
OMA,MCI
OMA,MDW
OMA,MEM
OMA,MKE
OMA,MSN
OMA,MSP
OMA,ONT
OMA,ORD
OMA,PHX
OMA,PIH
OMA,SAN
OMA,SBN
OMA,SLC
OMA,STL
OMA,TUS
OME,ANC
OME,OTZ
ONT,ABQ
ONT,ATL
ONT,AUS
ONT,BNA
ONT,BOI
ONT,COS
ONT,DEN
ONT,DFW
ONT,ELP
ONT,FAT
ONT,GEG
ONT,GJT
ONT,IAD
ONT,IAH
ONT,JFK
ONT,LAS
ONT,LAX
ONT,MCI
ONT,MRY
ONT,OAK
ONT,OKC
ONT,OMA
ONT,PDX
ONT,PHX
ONT,RNO
ONT,SAN
ONT,SAT
ONT,SBA
ONT,SEA
ONT,SFO
ONT,SJC
ONT,SLC
ONT,SMF
ONT,STL
ONT,TUL
ONT,TUS
ONT,TWF
ORD,ABE
ORD,ABQ
ORD,ALB
ORD,ANC
ORD,ASE
ORD,ATL
ORD,ATW
ORD,AUS
ORD,AVP
ORD,AZO
ORD,BDL
ORD,BGM
ORD,BHM
ORD,BIL
ORD,BMI
ORD,BNA
ORD,BOI
ORD,BOS
ORD,BTR
ORD,BTV
ORD,BUF
ORD,BWI
ORD,BZN
ORD,CAE
ORD,CAK
ORD,CHA
ORD,CHS
ORD,CID
ORD,CLE
ORD,CLT
ORD,CMH
ORD,CMI
ORD,COS
ORD,CPR
ORD,CRW
ORD,CVG
ORD,CWA
ORD,DAB
ORD,DAY
ORD,DBQ
ORD,DCA
ORD,DEN
ORD,DFW
ORD,DSM
ORD,DTW
ORD,EGE
ORD,ELP
ORD,EVV
ORD,EWR
ORD,FAR
ORD,FCA
ORD,FLL
ORD,FNT
ORD,FSD
ORD,FWA
ORD,GEG
ORD,GJT
ORD,GPT
ORD,GRB
ORD,GRR
ORD,GSO
ORD,GSP
ORD,HDN
ORD,HNL
ORD,HPN
ORD,HSV
ORD,IAD
ORD,IAH
ORD,ICT
ORD,IND
ORD,JAC
ORD,JAN
ORD,JAX
ORD,JFK
ORD,LAN
ORD,LAS
ORD,LAX
ORD,LEX
ORD,LGA
ORD,LGB
ORD,LIT
ORD,LNK
ORD,LSE
ORD,MBS
ORD,MCI
ORD,MCO
ORD,MDT
ORD,MEM
ORD,MHT
ORD,MIA
ORD,MKE
ORD,MLI
ORD,MOB
ORD,MQT
ORD,MSN
ORD,MSO
ORD,MSP
ORD,MSY
ORD,MTJ
ORD,OAK
ORD,OGG
ORD,OKC
ORD,OMA
ORD,ONT
ORD,ORF
ORD,PBI
ORD,PDX
ORD,PHL
ORD,PHX
ORD,PIA
ORD,PIH
ORD,PIT
ORD,PNS
ORD,PSP
ORD,PVD
ORD,PWM
ORD,RAP
ORD,RDU
ORD,RFD
ORD,RIC
ORD,RNO
ORD,ROA
ORD,ROC
ORD,ROW
ORD,RST
ORD,RSW
ORD,SAN
ORD,SAT
ORD,SAV
ORD,SBN
ORD,SDF
ORD,SEA
ORD,SFO
ORD,SGF
ORD,SHV
ORD,SJC
ORD,SJU
ORD,SLC
ORD,SMF
ORD,SNA
ORD,SPI
ORD,STL
ORD,STT
ORD,SWF
ORD,SYR
ORD,TOL
ORD,TPA
ORD,TUL
ORD,TUS
ORD,TVC
ORD,TYS
ORD,VPS
ORD,XNA
ORF,ATL
ORF,BNA
ORF,BOS
ORF,BWI
ORF,CLE
ORF,CLT
ORF,CVG
ORF,DFW
ORF,DTW
ORF,EWR
ORF,IAD
ORF,IAH
ORF,JAX
ORF,JFK
ORF,LAS
ORF,MCO
ORF,MDW
ORF,MIA
ORF,MSP
ORF,ORD
ORF,PHL
ORF,TPA
OTZ,ANC
OTZ,OME
OXR,LAX
OXR,ONT
PBI,ATL
PBI,BDL
PBI,BOS
PBI,BWI
PBI,CLE
PBI,CLT
PBI,CVG
PBI,DCA
PBI,DEN
PBI,DFW
PBI,DTW
PBI,EWR
PBI,HPN
PBI,IAD
PBI,IAH
PBI,IND
PBI,ISP
PBI,JFK
PBI,LAS
PBI,LGA
PBI,MDW
PBI,ORD
PBI,PHL
PBI,PIT
PBI,RSW
PBI,SWF
PBI,TPA
PDX,ABQ
PDX,ANC
PDX,ATL
PDX,BOI
PDX,BOS
PDX,BUR
PDX,CLT
PDX,CVG
PDX,DEN
PDX,DFW
PDX,DTW
PDX,EUG
PDX,EWR
PDX,GEG
PDX,HNL
PDX,IAD
PDX,IAH
PDX,JFK
PDX,LAS
PDX,LAX
PDX,MCI
PDX,MCO
PDX,MDW
PDX,MFR
PDX,MSP
PDX,OAK
PDX,OGG
PDX,ONT
PDX,ORD
PDX,PHL
PDX,PHX
PDX,PIH
PDX,PSC
PDX,PSP
PDX,RDM
PDX,RNO
PDX,SAN
PDX,SEA
PDX,SFO
PDX,SJC
PDX,SLC
PDX,SMF
PDX,SNA
PFN,ATL
PFN,CVG
PFN,MEM
PFN,TLH
PHF,ATL
PHF,BOS
PHF,FLL
PHF,LGA
PHF,MCO
PHL,ALB
PHL,ATL
PHL,ATW
PHL,BDL
PHL,BNA
PHL,BOS
PHL,BTV
PHL,BUF
PHL,BWI
PHL,CLE
PHL,CLT
PHL,CMH
PHL,CVG
PHL,DCA
PHL,DEN
PHL,DFW
PHL,DTW
PHL,EGE
PHL,FLL
PHL,HOU
PHL,IAD
PHL,IAH
PHL,IND
PHL,JAX
PHL,JFK
PHL,LAS
PHL,LAX
PHL,LGA
PHL,MCO
PHL,MDW
PHL,MEM
PHL,MHT
PHL,MIA
PHL,MKE
PHL,MSP
PHL,MSY
PHL,MYR
PHL,OAK
PHL,ORD
PHL,ORF
PHL,PBI
PHL,PDX
PHL,PHX
PHL,PIT
PHL,PVD
PHL,RDU
PHL,RIC
PHL,ROC
PHL,RSW
PHL,SAN
PHL,SEA
PHL,SFO
PHL,SJU
PHL,SLC
PHL,STL
PHL,STT
PHL,SYR
PHL,TPA
PHX,ABQ
PHX,ANC
PHX,ASE
PHX,ATL
PHX,AUS
PHX,BDL
PHX,BFL
PHX,BHM
PHX,BNA
PHX,BOI
PHX,BOS
PHX,BUF
PHX,BUR
PHX,BWI
PHX,CLD
PHX,CLE
PHX,CLT
PHX,CMH
PHX,COS
PHX,CVG
PHX,DCA
PHX,DEN
PHX,DFW
PHX,DRO
PHX,DSM
PHX,DTW
PHX,ELP
PHX,EUG
PHX,EWR
PHX,FAT
PHX,FLG
PHX,FLL
PHX,GEG
PHX,GJT
PHX,HNL
PHX,HOU
PHX,IAD
PHX,IAH
PHX,ICT
PHX,IND
PHX,JFK
PHX,KOA
PHX,LAS
PHX,LAX
PHX,LGB
PHX,LIH
PHX,LIT
PHX,MCI
PHX,MCO
PHX,MDW
PHX,MEM
PHX,MFR
PHX,MHT
PHX,MIA
PHX,MKE
PHX,MRY
PHX,MSP
PHX,MSY
PHX,OAK
PHX,OGG
PHX,OKC
PHX,OMA
PHX,ONT
PHX,ORD
PHX,PDX
PHX,PHL
PHX,PIT
PHX,PSP
PHX,PVD
PHX,RDU
PHX,RNO
PHX,SAN
PHX,SAT
PHX,SBA
PHX,SBP
PHX,SDF
PHX,SEA
PHX,SFO
PHX,SJC
PHX,SLC
PHX,SMF
PHX,SNA
PHX,STL
PHX,TEX
PHX,TPA
PHX,TUL
PHX,TUS
PHX,YUM
PIA,ATL
PIA,DEN
PIA,DFW
PIA,DTW
PIA,MSP
PIA,ORD
PIH,SLC
PIR,JAX
PIR,MSP
PIT,ATL
PIT,BOS
PIT,BWI
PIT,CAE
PIT,CLT
PIT,CMH
PIT,COS
PIT,CVG
PIT,DCA
PIT,DEN
PIT,DFW
PIT,DSM
PIT,DTW
PIT,EWR
PIT,FLL
PIT,GRR
PIT,IAD
PIT,IAH
PIT,JFK
PIT,LAS
PIT,LAX
PIT,LGA
PIT,MCI
PIT,MCO
PIT,MDW
PIT,MEM
PIT,MIA
PIT,MKE
PIT,MSN
PIT,MSP
PIT,MYR
PIT,ORD
PIT,PBI
PIT,PHL
PIT,PHX
PIT,PVD
PIT,PWM
PIT,RSW
PIT,SAN
PIT,SEA
PIT,SFO
PIT,SJU
PIT,SLC
PIT,TPA
PIT,TYS
PLN,DCA
PLN,DTW
PMD,LAX
PMD,SFO
PNS,ATL
PNS,CLT
PNS,DFW
PNS,IAH
PNS,JAX
PNS,MCN
PNS,MCO
PNS,MEM
PNS,ORD
PSC,DEN
PSC,GJT
PSC,MTJ
PSC,OGD
PSC,PIH
PSC,SLC
PSC,TWF
PSE,EWR
PSE,FLL
PSE,JFK
PSE,MCO
PSG,JNU
PSG,WRG
PSP,ATL
PSP,COS
PSP,DEN
PSP,DFW
PSP,GJT
PSP,IAH
PSP,LAS
PSP,LAX
PSP,MSP
PSP,OGD
PSP,ONT
PSP,ORD
PSP,PDX
PSP,PHX
PSP,PIH
PSP,SEA
PSP,SFO
PSP,SLC
PVD,ATL
PVD,BNA
PVD,BOS
PVD,BWI
PVD,CLE
PVD,CLT
PVD,CVG
PVD,DCA
PVD,DTW
PVD,EWR
PVD,FLL
PVD,IAD
PVD,JFK
PVD,LAS
PVD,MCO
PVD,MDW
PVD,MSP
PVD,ORD
PVD,PHL
PVD,PHX
PVD,TPA
PWM,ATL
PWM,BGR
PWM,BWI
PWM,CLE
PWM,CLT
PWM,CVG
PWM,DTW
PWM,EWR
PWM,IAD
PWM,JFK
PWM,LGA
PWM,MCO
PWM,MSP
PWM,ORD
RAP,COS
RAP,DEN
RAP,GRB
RAP,MSP
RAP,ORD
RAP,PIH
RAP,SLC
RAP,TWF
RDD,FAT
RDD,SFO
RDD,SJC
RDM,DEN
RDM,PDX
RDM,SFO
RDM,SJC
RDM,SLC
RDM,SMF
RDU,ATL
RDU,AUS
RDU,BDL
RDU,BHM
RDU,BNA
RDU,BOS
RDU,BWI
RDU,CHS
RDU,CLE
RDU,CLT
RDU,CMH
RDU,CVG
RDU,DCA
RDU,DEN
RDU,DFW
RDU,DTW
RDU,EWR
RDU,GRB
RDU,GRR
RDU,IAD
RDU,IAH
RDU,IND
RDU,JAX
RDU,JFK
RDU,LAS
RDU,LAX
RDU,LGA
RDU,MCI
RDU,MCO
RDU,MDW
RDU,MEM
RDU,MIA
RDU,MKE
RDU,MSN
RDU,MSP
RDU,MSY
RDU,ORD
RDU,PHL
RDU,PHX
RDU,SAT
RDU,SDF
RDU,SLC
RDU,STL
RDU,TPA
RDU,XNA
RFD,COS
RFD,DEN
RFD,GJT
RHI,MSP
RIC,ATL
RIC,BOS
RIC,BUF
RIC,BWI
RIC,CLE
RIC,CLT
RIC,CVG
RIC,DCA
RIC,DFW
RIC,DTW
RIC,EWR
RIC,FLL
RIC,IAH
RIC,JFK
RIC,LGA
RIC,MCO
RIC,MEM
RIC,MIA
RIC,MSP
RIC,ORD
RIC,PHL
RIC,RDU
RNO,ATL
RNO,BOI
RNO,DEN
RNO,DFW
RNO,GEG
RNO,IAH
RNO,LAS
RNO,LAX
RNO,LGB
RNO,MDW
RNO,OAK
RNO,ONT
RNO,ORD
RNO,PDX
RNO,PHX
RNO,SAN
RNO,SEA
RNO,SFO
RNO,SJC
RNO,SLC
RNO,SNA
RNO,TUS
ROA,ATL
ROA,CVG
ROA,DTW
ROA,IAD
ROA,ORD
ROC,ATL
ROC,BOS
ROC,BWI
ROC,CLE
ROC,CLT
ROC,CVG
ROC,DFW
ROC,DTW
ROC,EWR
ROC,FLL
ROC,IAD
ROC,JFK
ROC,LAS
ROC,MCO
ROC,MSP
ROC,ORD
ROC,PHL
ROC,SYR
ROC,TPA
ROW,DFW
RST,DTW
RST,MSP
RST,ORD
RSW,ATL
RSW,BDL
RSW,BOS
RSW,BTV
RSW,BWI
RSW,CAK
RSW,CLE
RSW,CLT
RSW,CMH
RSW,CVG
RSW,DCA
RSW,DEN
RSW,DFW
RSW,DTW
RSW,EWR
RSW,FNT
RSW,HPN
RSW,IAH
RSW,IND
RSW,ISP
RSW,JFK
RSW,LGA
RSW,MCO
RSW,MDW
RSW,MEM
RSW,MIA
RSW,MKE
RSW,MSP
RSW,ORD
RSW,PHL
RSW,PIT
RSW,STL
SAN,ABQ
SAN,ATL
SAN,AUS
SAN,BFL
SAN,BNA
SAN,BOI
SAN,BOS
SAN,BWI
SAN,CLE
SAN,CLT
SAN,COS
SAN,CVG
SAN,DEN
SAN,DFW
SAN,DTW
SAN,ELP
SAN,EWR
SAN,FAT
SAN,GEG
SAN,HNL
SAN,HOU
SAN,IAD
SAN,IAH
SAN,JFK
SAN,LAS
SAN,LAX
SAN,MCI
SAN,MCO
SAN,MDW
SAN,MRY
SAN,MSP
SAN,OAK
SAN,OGG
SAN,OKC
SAN,OMA
SAN,ONT
SAN,ORD
SAN,PDX
SAN,PHL
SAN,PHX
SAN,PIT
SAN,PSP
SAN,RNO
SAN,SAT
SAN,SBA
SAN,SEA
SAN,SFO
SAN,SJC
SAN,SLC
SAN,SMF
SAN,STL
SAN,TUL
SAN,TUS
SAT,ABQ
SAT,ATL
SAT,AUS
SAT,BNA
SAT,BWI
SAT,CLE
SAT,COS
SAT,CVG
SAT,DAL
SAT,DEN
SAT,DFW
SAT,DTW
SAT,ELP
SAT,EWR
SAT,GSO
SAT,HOU
SAT,HRL
SAT,IAD
SAT,IAH
SAT,LAS
SAT,LAX
SAT,MCI
SAT,MCO
SAT,MDW
SAT,MEM
SAT,MSP
SAT,MSY
SAT,OKC
SAT,ONT
SAT,ORD
SAT,PHX
SAT,PVU
SAT,RDU
SAT,SAN
SAT,SFO
SAT,SLC
SAT,SMF
SAT,STL
SAT,TPA
SAT,TUL
SAT,TUS
SAV,ATL
SAV,BOS
SAV,CLT
SAV,CVG
SAV,DCA
SAV,DFW
SAV,DTW
SAV,EWR
SAV,HHH
SAV,IAD
SAV,IAH
SAV,JAX
SAV,LGA
SAV,MCO
SAV,MEM
SAV,MSP
SAV,ORD
SBA,DEN
SBA,DFW
SBA,DRO
SBA,IDA
SBA,LAS
SBA,LAX
SBA,MOD
SBA,MRY
SBA,PHX
SBA,SAN
SBA,SFO
SBA,SJC
SBA,SLC
SBA,SMF
SBA,TWF
SBN,ATL
SBN,CVG
SBN,DTW
SBN,MSP
SBN,ORD
SBP,LAS
SBP,LAX
SBP,PHX
SBP,SFO
SBP,SJC
SBP,SLC
SBP,SMX
SCC,ANC
SCC,BRW
SCE,ATL
SCE,CVG
SCE,DTW
SDF,ATL
SDF,BHM
SDF,BOS
SDF,BWI
SDF,CLE
SDF,CLT
SDF,CVG
SDF,DEN
SDF,DFW
SDF,DTW
SDF,EWR
SDF,FWA
SDF,IAH
SDF,JAX
SDF,JFK
SDF,LAS
SDF,LAX
SDF,LGA
SDF,MCI
SDF,MCO
SDF,MDW
SDF,MEM
SDF,MIA
SDF,MSP
SDF,ORD
SDF,PHX
SDF,RDU
SDF,SLC
SDF,STL
SDF,TPA
SEA,ABQ
SEA,ANC
SEA,ATL
SEA,AUS
SEA,BNA
SEA,BOI
SEA,BOS
SEA,BUR
SEA,BWI
SEA,CLE
SEA,CLT
SEA,CVG
SEA,DCA
SEA,DEN
SEA,DFW
SEA,DTW
SEA,EUG
SEA,EWR
SEA,FAI
SEA,GEG
SEA,HNL
SEA,IAD
SEA,IAH
SEA,IND
SEA,JFK
SEA,JNU
SEA,KTN
SEA,LAS
SEA,LAX
SEA,LGB
SEA,LIH
SEA,MCI
SEA,MCO
SEA,MDW
SEA,MEM
SEA,MIA
SEA,MSP
SEA,MSY
SEA,OAK
SEA,OGD
SEA,OGG
SEA,ONT
SEA,ORD
SEA,PDX
SEA,PHL
SEA,PHX
SEA,PIT
SEA,PSP
SEA,RNO
SEA,SAN
SEA,SFO
SEA,SIT
SEA,SJC
SEA,SLC
SEA,SMF
SEA,SNA
SEA,STL
SEA,TUS
SEA,TWF
SFO,ABQ
SFO,ACV
SFO,ANC
SFO,ASE
SFO,ATL
SFO,AUS
SFO,BFL
SFO,BIL
SFO,BOI
SFO,BOS
SFO,BUR
SFO,BWI
SFO,BZN
SFO,CEC
SFO,CIC
SFO,CLE
SFO,CLT
SFO,COS
SFO,CVG
SFO,DEN
SFO,DFW
SFO,DTW
SFO,ELP
SFO,EUG
SFO,EWR
SFO,FAT
SFO,HNL
SFO,IAD
SFO,IAH
SFO,IND
SFO,JFK
SFO,KOA
SFO,LAS
SFO,LAX
SFO,LIH
SFO,MCO
SFO,MDW
SFO,MEM
SFO,MFR
SFO,MIA
SFO,MOD
SFO,MRY
SFO,MSP
SFO,MSY
SFO,OAK
SFO,OGG
SFO,ONT
SFO,ORD
SFO,PDX
SFO,PHL
SFO,PHX
SFO,PIH
SFO,PIT
SFO,PMD
SFO,PSP
SFO,RDD
SFO,RDM
SFO,RNO
SFO,SAN
SFO,SAT
SFO,SBA
SFO,SBP
SFO,SEA
SFO,SLC
SFO,SMF
SFO,SMX
SFO,SNA
SFO,STL
SFO,TUS
SFO,TWF
SGF,ATL
SGF,COS
SGF,CVG
SGF,DEN
SGF,DFW
SGF,DTW
SGF,MCI
SGF,MEM
SGF,MSP
SGF,MTJ
SGF,ORD
SGF,RFD
SGF,SPI
SGF,STL
SGU,LAX
SGU,PIH
SGU,PVU
SGU,SLC
SGU,TWF
SHV,ATL
SHV,CVG
SHV,DFW
SHV,DTW
SHV,IAH
SHV,MEM
SHV,ORD
SIT,JNU
SIT,KTN
SIT,SEA
SJC,ATL
SJC,AUS
SJC,BOS
SJC,BUR
SJC,DEN
SJC,DFW
SJC,EWR
SJC,GJT
SJC,HNL
SJC,IAD
SJC,IAH
SJC,JFK
SJC,LAS
SJC,LAX
SJC,MDW
SJC,MSP
SJC,ONT
SJC,ORD
SJC,PDX
SJC,PHX
SJC,PIH
SJC,RNO
SJC,SAN
SJC,SBA
SJC,SEA
SJC,SFO
SJC,SLC
SJC,SMX
SJC,SNA
SJT,DFW
SJU,ATL
SJU,BDL
SJU,BOS
SJU,BWI
SJU,CLE
SJU,CLT
SJU,CVG
SJU,DFW
SJU,DTW
SJU,EWR
SJU,FLL
SJU,IAD
SJU,IAH
SJU,JFK
SJU,LAX
SJU,MCO
SJU,MEM
SJU,MIA
SJU,MSP
SJU,ORD
SJU,PHL
SJU,PIT
SJU,STT
SJU,TPA
SLC,ABI
SLC,ABQ
SLC,AMA
SLC,ANC
SLC,ASE
SLC,ATL
SLC,AUS
SLC,BFL
SLC,BHM
SLC,BIL
SLC,BLI
SLC,BNA
SLC,BOI
SLC,BOS
SLC,BTM
SLC,BUR
SLC,BWI
SLC,BZN
SLC,CDC
SLC,CLE
SLC,CLT
SLC,CMH
SLC,COD
SLC,COS
SLC,CPR
SLC,CVG
SLC,CYS
SLC,DCA
SLC,DEN
SLC,DFW
SLC,DRO
SLC,DSM
SLC,DTW
SLC,EAU
SLC,EKO
SLC,ELP
SLC,EUG
SLC,EWR
SLC,FAI
SLC,FAR
SLC,FAT
SLC,FCA
SLC,FLL
SLC,FSD
SLC,GEG
SLC,GJT
SLC,GRR
SLC,GTF
SLC,HDN
SLC,HLN
SLC,HNL
SLC,HOU
SLC,HSV
SLC,IAD
SLC,IAH
SLC,ICT
SLC,IDA
SLC,JAC
SLC,JFK
SLC,KOA
SLC,LAS
SLC,LAX
SLC,LBB
SLC,LGA
SLC,LGB
SLC,LIT
SLC,LNK
SLC,LWS
SLC,MCI
SLC,MCO
SLC,MDW
SLC,MEM
SLC,MFR
SLC,MKE
SLC,MRY
SLC,MSN
SLC,MSO
SLC,MSP
SLC,MSY
SLC,MTJ
SLC,OAK
SLC,OGG
SLC,OKC
SLC,OMA
SLC,ONT
SLC,ORD
SLC,PDX
SLC,PHL
SLC,PHX
SLC,PIH
SLC,PIT
SLC,PSC
SLC,PSP
SLC,RAP
SLC,RDM
SLC,RDU
SLC,RNO
SLC,SAN
SLC,SAT
SLC,SBA
SLC,SBP
SLC,SDF
SLC,SEA
SLC,SFO
SLC,SGF
SLC,SGU
SLC,SHV
SLC,SJC
SLC,SLE
SLC,SMF
SLC,SNA
SLC,STL
SLC,SUN
SLC,SUX
SLC,TPA
SLC,TUL
SLC,TUS
SLC,TWF
SLC,WYS
SLC,XNA
SLC,YKM
SLC,YUM
SLE,BOI
SLE,SLC
SMF,ABQ
SMF,ACV
SMF,ATL
SMF,AUS
SMF,BFL
SMF,BUR
SMF,CEC
SMF,COS
SMF,CVG
SMF,DEN
SMF,DFW
SMF,FAT
SMF,GEG
SMF,HNL
SMF,IAD
SMF,IAH
SMF,IDA
SMF,JFK
SMF,LAS
SMF,LAX
SMF,LGB
SMF,MCI
SMF,MDW
SMF,MSP
SMF,OGG
SMF,OKC
SMF,ONT
SMF,ORD
SMF,PDX
SMF,PHX
SMF,RDD
SMF,RNO
SMF,SAN
SMF,SAT
SMF,SBA
SMF,SEA
SMF,SFO
SMF,SLC
SMF,SNA
SMF,TUL
SMF,TUS
SMX,LAX
SNA,ATL
SNA,AUS
SNA,BFL
SNA,CVG
SNA,DEN
SNA,DFW
SNA,EWR
SNA,GJT
SNA,HNL
SNA,IAH
SNA,KOA
SNA,LAS
SNA,LAX
SNA,MDW
SNA,MSP
SNA,OAK
SNA,OGG
SNA,ORD
SNA,PDX
SNA,PHX
SNA,RNO
SNA,SEA
SNA,SFO
SNA,SJC
SNA,SLC
SNA,SMF
SNA,STL
SOP,ATL
SPI,IAD
SPI,ORD
SPS,DFW
SRQ,ATL
SRQ,BOS
SRQ,BWI
SRQ,CLE
SRQ,CLT
SRQ,CVG
SRQ,DCA
SRQ,DTW
SRQ,EWR
SRQ,IAH
SRQ,IND
SRQ,JFK
SRQ,MDW
SRQ,MIA
SRQ,STL
STL,ABQ
STL,ATL
STL,AUS
STL,BHM
STL,BNA
STL,BOS
STL,BWI
STL,CID
STL,CLE
STL,CLT
STL,CMH
STL,CVG
STL,DAL
STL,DCA
STL,DEN
STL,DFW
STL,DTW
STL,EWR
STL,FLL
STL,GJT
STL,HOU
STL,IAH
STL,JFK
STL,LAS
STL,LAX
STL,LGA
STL,LIT
STL,MCI
STL,MCO
STL,MDW
STL,MEM
STL,MIA
STL,MSP
STL,MSY
STL,OKC
STL,OMA
STL,ORD
STL,PHX
STL,RDU
STL,RSW
STL,SAN
STL,SAT
STL,SDF
STL,SEA
STL,SFO
STL,SGF
STL,SLC
STL,SNA
STL,SRQ
STL,TPA
STL,TUL
STT,ATL
STT,BOS
STT,CLT
STT,EWR
STT,JFK
STT,LGA
STT,MIA
STT,PHL
STT,SJU
STX,ATL
STX,CLT
STX,MIA
SUN,PIH
SUN,SLC
SUN,TWF
SUX,MSP
SWF,ATL
SWF,DTW
SWF,FLL
SWF,JFK
SWF,MCO
SWF,ORD
SWF,PBI
SWF,TPA
SYR,ATL
SYR,CLE
SYR,CLT
SYR,CVG
SYR,DCA
SYR,DFW
SYR,DTW
SYR,EWR
SYR,FLL
SYR,HPN
SYR,IAD
SYR,JFK
SYR,MCO
SYR,ORD
SYR,PHL
SYR,TPA
TEX,PHX
TLH,ATL
TLH,CLT
TLH,IAH
TLH,JAX
TLH,MCO
TLH,MEM
TOL,ATL
TOL,ORD
TPA,ABQ
TPA,ALB
TPA,ATL
TPA,AUS
TPA,BDL
TPA,BHM
TPA,BNA
TPA,BOS
TPA,BUF
TPA,BWI
TPA,CAK
TPA,CLE
TPA,CLT
TPA,CMH
TPA,CVG
TPA,DAY
TPA,DCA
TPA,DEN
TPA,DFW
TPA,DTW
TPA,EWR
TPA,FLL
TPA,FNT
TPA,GPT
TPA,GRR
TPA,GSO
TPA,HOU
TPA,HPN
TPA,IAD
TPA,IAH
TPA,IND
TPA,ISP
TPA,JAX
TPA,JFK
TPA,LAS
TPA,LAX
TPA,LGA
TPA,MCI
TPA,MCO
TPA,MDW
TPA,MEM
TPA,MHT
TPA,MIA
TPA,MKE
TPA,MSP
TPA,MSY
TPA,ORD
TPA,ORF
TPA,PBI
TPA,PHL
TPA,PHX
TPA,PIT
TPA,PVD
TPA,RDU
TPA,ROC
TPA,SAT
TPA,SDF
TPA,SJU
TPA,SLC
TPA,STL
TPA,SWF
TPA,TYS
TRI,ATL
TRI,CLT
TRI,CVG
TRI,MCO
TRI,TYS
TTN,ATL
TTN,BOS
TTN,JFK
TTN,LGA
TUL,ABQ
TUL,ATL
TUL,AUS
TUL,CVG
TUL,DAL
TUL,DEN
TUL,DFW
TUL,DTW
TUL,EWR
TUL,FWA
TUL,GJT
TUL,HOU
TUL,IAH
TUL,LAS
TUL,MCI
TUL,MEM
TUL,MSP
TUL,ONT
TUL,ORD
TUL,PHX
TUL,PIA
TUL,PVU
TUL,RFD
TUL,SAN
TUL,SAT
TUL,SLC
TUL,SMF
TUL,STL
TUP,ATL
TUS,ABQ
TUS,ATL
TUS,AUS
TUS,DEN
TUS,DFW
TUS,ELP
TUS,EWR
TUS,GEG
TUS,IAD
TUS,IAH
TUS,JFK
TUS,LAS
TUS,LAX
TUS,MCI
TUS,MDW
TUS,MSP
TUS,OAK
TUS,OMA
TUS,ONT
TUS,ORD
TUS,PHX
TUS,PSP
TUS,RNO
TUS,SAN
TUS,SAT
TUS,SEA
TUS,SFO
TUS,SLC
TUS,SMF
TVC,ATL
TVC,CVG
TVC,DTW
TVC,LGA
TVC,MQT
TVC,MSP
TVC,ORD
TWF,BOI
TWF,SLC
TXK,DFW
TYR,DFW
TYS,ATL
TYS,AUS
TYS,CLE
TYS,CVG
TYS,DEN
TYS,DFW
TYS,DTW
TYS,EWR
TYS,IAH
TYS,JAN
TYS,LGA
TYS,MCI
TYS,MCO
TYS,MEM
TYS,MSP
TYS,ORD
TYS,TPA
VLD,ATL
VPS,ATL
VPS,CVG
VPS,DFW
VPS,IAH
VPS,LGA
VPS,MEM
VPS,ORD
WRG,KTN
WRG,PSG
WYS,SLC
XNA,ATL
XNA,BHM
XNA,COS
XNA,CYS
XNA,DCA
XNA,DEN
XNA,DFW
XNA,DTW
XNA,EWR
XNA,IAH
XNA,LAX
XNA,LGA
XNA,MEM
XNA,MIA
XNA,MSP
XNA,ORD
XNA,RDU
XNA,SLC
YAK,CDV
YAK,JNU
YKM,SLC
YUM,IPL
YUM,LAS
YUM,LAX
YUM,PHX
YUM,PSP
YUM,SLC
